PassengerId,Survived,Pclass,Age,SibSp,Parch,Fare,Has_Cabin,Sex_Encoded,Embarked_Q,Embarked_S
-1.7111335456878367,0,3,-0.5283212965120344,0.6256056311647641,-0.433718029867725,-0.7791170658826716,0,1,False,True
-1.7034397114842943,1,3,-0.21518215035509997,-0.4864227269836125,-0.433718029867725,-0.7293725041008279,0,0,False,True
-1.699592794382523,1,1,0.4893809284980025,0.6256056311647641,-0.433718029867725,2.5998283529284842,1,0,False,True
-1.6957458772807519,0,3,0.4893809284980025,-0.4864227269836125,-0.433718029867725,-0.7201605482153013,0,1,False,True
-1.6918989601789807,0,3,-0.058612577276632744,-0.4864227269836125,-0.433718029867725,-0.6900706155108173,0,1,True,False
-1.6880520430772095,0,1,1.976791872743441,-0.4864227269836125,-0.433718029867725,2.5086299896617703,1,1,False,True
-1.6842051259754383,0,3,-2.0940170272967067,2.8496623474615173,0.839507247206089,0.23972525505656994,0,1,False,True
-1.680358208873667,1,3,-0.13689736381586634,-0.4864227269836125,2.112732524279903,-0.4929347595605481,0,0,False,True
-1.6765112917718958,1,2,-1.1545995888259033,0.6256056311647641,-0.433718029867725,0.9026765570967311,0,0,False,False
-1.6726643746701246,1,3,-1.9374474542182394,0.6256056311647641,0.839507247206089,-0.08269320093686093,1,0,False,True
-1.6688174575683536,1,1,2.2899310189003756,-0.4864227269836125,-0.433718029867725,0.643208922842635,1,0,False,True
-1.6649705404665824,0,3,-0.6848908695905016,-0.4864227269836125,-0.433718029867725,-0.7201605482153013,0,1,False,True
-1.6611236233648112,0,3,0.802520074654937,0.6256056311647641,5.9324083555013445,0.9914208553155401,0,1,False,True
-1.65727670626304,0,3,-1.1545995888259033,-0.4864227269836125,-0.433718029867725,-0.7345901559143904,0,0,False,True
-1.6534297891612688,1,2,2.055076659282675,-0.4864227269836125,-0.433718029867725,-0.13428015389580983,0,0,False,True
-1.6495828720594976,0,3,-2.0940170272967067,3.961690705609894,0.839507247206089,0.8329752140844828,0,1,True,False
-1.6457359549577264,1,2,-0.058612577276632744,-0.4864227269836125,-0.433718029867725,-0.3553670951484481,0,1,False,True
-1.6418890378559552,0,3,0.1762417823410681,0.6256056311647641,-0.433718029867725,0.013111140272615725,0,0,False,True
-1.638042120754184,1,3,-0.058612577276632744,-0.4864227269836125,-0.433718029867725,-0.7809594570597769,0,0,False,False
-1.6341952036524128,0,2,0.4893809284980025,-0.4864227269836125,-0.433718029867725,0.602676316946318,0,1,False,True
-1.6303482865506416,1,2,0.4110961419587689,-0.4864227269836125,-0.433718029867725,-0.3553670951484481,1,1,False,True
-1.6265013694488704,1,3,-1.0763148022866698,-0.4864227269836125,-0.433718029867725,-0.721693417674653,0,0,True,False
-1.6226544523470992,1,1,-0.058612577276632744,-0.4864227269836125,-0.433718029867725,1.3027849642463392,1,1,False,True
-1.6188075352453282,0,3,-1.624308308061305,2.8496623474615173,0.839507247206089,0.23972525505656994,0,0,False,True
-1.614960618143557,1,3,0.7242352881157034,0.6256056311647641,5.9324083555013445,0.9997116156125142,0,0,False,True
-1.6111137010417858,0,3,-0.058612577276632744,-0.4864227269836125,-0.433718029867725,-0.7809594570597769,0,1,False,False
-1.6034198668382433,1,3,-0.058612577276632744,-0.4864227269836125,-0.433718029867725,-0.7327477647372849,0,0,True,False
-1.5995729497364721,0,3,-0.058612577276632744,-0.4864227269836125,-0.433718029867725,-0.7315244169956868,0,1,False,True
-1.595726032634701,0,1,0.8808048611941706,-0.4864227269836125,-0.433718029867725,0.7294917864488313,0,1,False,False
-1.5880321984311585,1,3,-0.058612577276632744,-0.4864227269836125,-0.433718029867725,-0.7422692423405652,0,0,True,False
-1.5841852813293873,0,2,2.9162093112142444,-0.4864227269836125,-0.433718029867725,-0.53960621285898,0,1,False,True
-1.5764914471258449,0,1,1.0373744342726379,0.6256056311647641,-0.433718029867725,2.51876314113585,0,1,False,True
-1.572644530024074,1,3,-0.058612577276632744,-0.4864227269836125,-0.433718029867725,-0.7806499353420233,0,1,False,False
-1.5687976129223027,0,3,-0.6066060830512681,-0.4864227269836125,-0.433718029867725,-0.7201605482153013,0,1,False,True
-1.5649506958205315,0,3,-0.8414604426689688,1.7376339893131407,-0.433718029867725,0.013111140272615725,0,0,False,True
-1.5611037787187603,1,3,-1.1545995888259033,0.6256056311647641,-0.433718029867725,-0.48494615141661945,0,0,False,False
-1.557256861616989,0,3,0.8808048611941706,0.6256056311647641,-0.433718029867725,-0.6151442511202981,0,0,False,True
-1.5534099445152179,0,2,-0.13689736381586634,0.6256056311647641,-0.433718029867725,0.23419808152525404,0,0,False,True
-1.5495630274134466,0,3,-0.058612577276632744,-0.4864227269836125,-0.433718029867725,-0.7315244169956868,0,1,False,False
-1.5457161103116754,1,2,-2.015732240757473,0.6256056311647641,2.112732524279903,1.7507955420006855,0,0,False,False
-1.5418691932099042,1,3,-0.7631756561297353,-0.4864227269836125,-0.433718029867725,-0.7327477647372849,0,0,True,False
-1.538022276108133,0,3,-0.058612577276632744,-0.4864227269836125,-0.433718029867725,-0.7201605482153013,0,1,False,True
-1.5341753590063618,0,3,-0.058612577276632744,0.6256056311647641,-0.433718029867725,-0.17112797743791622,0,1,True,False
-1.5303284419045906,1,3,-0.058612577276632744,-0.4864227269836125,-0.433718029867725,-0.7422692423405652,0,0,True,False
-1.5264815248028196,0,3,-0.058612577276632744,1.7376339893131407,-0.433718029867725,0.28425216502485146,0,1,False,False
-1.5226346077010484,0,3,-0.8414604426689688,0.6256056311647641,-0.433718029867725,-0.001627989144226776,0,0,False,True
-1.5187876905992772,0,3,-1.7025930946005385,3.961690705609894,0.839507247206089,1.6113854864114803,0,1,False,True
-1.514940773497506,0,3,-0.6066060830512681,-0.4864227269836125,-0.433718029867725,-0.7385844599863545,0,1,False,True
-1.5072469392939636,1,2,0.01967220926260087,0.6256056311647641,-0.433718029867725,0.602676316946318,0,0,False,True
-1.5034000221921924,0,1,2.8379245246750107,-0.4864227269836125,0.839507247206089,3.254186742518626,1,1,False,False
-1.4995531050904212,1,1,-0.058612577276632744,-0.4864227269836125,-0.433718029867725,1.3027849642463392,1,1,False,True
-1.49570618798865,1,2,-0.6066060830512681,-0.4864227269836125,-0.433718029867725,-0.53960621285898,0,0,False,True
-1.4918592708868788,0,3,-0.019470184007015934,-0.4864227269836125,-0.433718029867725,-0.7806499353420233,0,1,False,False
-1.4880123537851075,1,2,-1.8591626676790058,0.6256056311647641,2.112732524279903,0.7316436993436902,0,0,False,True
-1.4841654366833363,0,3,-1.3894539484436041,5.07371906375827,2.112732524279903,2.142915341006365,0,1,False,True
-1.4803185195815654,0,3,-0.5283212965120344,-0.4864227269836125,-0.433718029867725,-0.7806499353420233,0,1,False,False
-1.4687777682762517,0,3,-1.9374474542182394,2.8496623474615173,2.112732524279903,0.7426980464063221,0,1,False,True
-1.4649308511744805,0,1,-0.058612577276632744,-0.4864227269836125,-0.433718029867725,0.7294917864488313,0,1,False,False
-1.4610839340727093,1,3,-0.058612577276632744,0.6256056311647641,0.839507247206089,-0.18986141092672315,0,1,False,False
-1.457237016970938,1,2,0.01967220926260087,-0.4864227269836125,-0.433718029867725,-0.53960621285898,1,0,False,True
-1.453390099869167,0,3,-0.7631756561297353,-0.4864227269836125,-0.433718029867725,-0.7121793096360811,0,1,False,True
-1.4495431827673957,1,3,-0.9197452292082025,3.961690705609894,2.112732524279903,-0.7293725041008279,0,0,False,True
-1.4456962656656245,0,3,-0.21518215035509997,1.7376339893131407,-0.433718029867725,-0.6750219643762211,0,1,False,True
-1.4418493485638533,0,2,0.25452656888030173,-0.4864227269836125,-0.433718029867725,-0.53960621285898,0,1,False,True
-1.438002431462082,0,3,-0.9980300157474361,5.07371906375827,2.112732524279903,2.142915341006365,0,0,False,True
-1.4303085972585399,0,3,-0.21518215035509997,0.6256056311647641,-0.433718029867725,-0.2481988851585859,0,1,False,False
-1.4264616801567687,1,3,0.25452656888030173,-0.4864227269836125,-0.433718029867725,2.850084031297054,0,1,False,True
-1.4226147630549975,0,3,-0.29346693689433356,-0.4864227269836125,-0.433718029867725,-0.7496388070489864,1,1,False,True
-1.4187678459532262,0,3,-0.058612577276632744,-0.4864227269836125,-0.433718029867725,-0.7315244169956868,0,1,False,True
-1.414920928851455,0,3,-0.058612577276632744,-0.4864227269836125,-0.433718029867725,-0.7201605482153013,0,1,False,True
-1.4110740117496838,1,2,-2.18561022754761,-0.4864227269836125,2.112732524279903,0.8237632581989562,0,1,False,True
-1.4072270946479126,1,3,0.09795699580183448,-0.4864227269836125,-0.433718029867725,-0.39405730986765986,0,0,False,True
-1.4033801775461414,0,3,-0.5283212965120344,-0.4864227269836125,-0.433718029867725,-0.6501496834852992,0,1,False,True
-1.3995332604443702,1,3,0.01967220926260087,-0.4864227269836125,-0.433718029867725,-0.6133018599431929,0,1,False,True
-1.395686343342599,1,3,-0.058612577276632744,-0.4864227269836125,-0.433718029867725,-0.7395056555749072,0,0,True,False
-1.3918394262408278,0,1,-0.058612577276632744,-0.4864227269836125,-0.433718029867725,2.1576544704232075,0,1,False,True
-1.3879925091390566,1,2,-0.9197452292082025,-0.4864227269836125,-0.433718029867725,-0.53960621285898,0,0,False,True
-1.3841455920372856,1,3,0.3328113554195353,2.8496623474615173,-0.433718029867725,-0.14533450095844175,0,0,False,True
-1.3802986749355144,0,3,-0.9980300157474361,0.6256056311647641,3.3859578013537166,1.2198773612765998,0,1,False,True
-1.3764517578337432,0,3,-0.058612577276632744,-0.4864227269836125,-0.433718029867725,-0.7201605482153013,0,1,False,True
-1.3687579236302008,0,3,-0.37175172343356716,-0.4864227269836125,-0.433718029867725,-0.7201605482153013,0,1,False,True
-1.3649110065284296,0,3,0.01967220926260087,-0.4864227269836125,-0.433718029867725,-0.7201605482153013,0,1,False,True
-1.3610640894266584,0,3,-0.6848908695905016,-0.4864227269836125,-0.433718029867725,-0.7345901559143904,0,1,False,True
-1.3572171723248871,0,1,1.3505135804295723,0.6256056311647641,-0.433718029867725,3.194920703133502,1,1,False,True
-1.353370255223116,0,3,-0.21518215035509997,0.6256056311647641,2.112732524279903,0.20287743151446355,0,1,False,True
-1.3495233381213447,0,3,2.3682158054396094,-0.4864227269836125,-0.433718029867725,-0.7791170658826716,0,1,False,True
-1.3456764210195735,0,3,-0.058612577276632744,-0.4864227269836125,-0.433718029867725,-0.7201605482153013,0,1,False,True
-1.3418295039178023,0,1,3.3076332439104124,-0.4864227269836125,-0.433718029867725,1.2404531859425123,1,1,False,False
-1.3379825868160313,1,1,-0.4500365099728008,-0.4864227269836125,0.839507247206089,3.355820409412464,1,1,False,False
-1.3341356697142601,1,2,0.4110961419587689,-0.4864227269836125,0.839507247206089,0.38158937569367957,0,0,False,True
-1.330288752612489,0,2,0.4110961419587689,0.6256056311647641,-0.433718029867725,0.602676316946318,0,1,False,True
-1.3264418355107177,0,3,-0.058612577276632744,-0.4864227269836125,-0.433718029867725,-0.7315244169956868,0,0,False,True
-1.3225949184089465,0,3,-0.058612577276632744,-0.4864227269836125,-0.433718029867725,-0.7315244169956868,0,1,False,True
-1.314901084205404,0,3,0.3328113554195353,-0.4864227269836125,-0.433718029867725,-0.67563363824702,0,1,False,True
-1.3110541671036329,0,3,0.6459505015764697,1.7376339893131407,-0.433718029867725,-0.7293725041008279,0,1,False,True
-1.3072072500018617,0,3,-0.058612577276632744,-0.4864227269836125,-0.433718029867725,-0.7315244169956868,0,1,False,True
-1.3033603329000905,1,3,-0.6066060830512681,-0.4864227269836125,-0.433718029867725,-0.7496388070489864,0,0,False,True
-1.2995134157983192,1,3,-0.058612577276632744,-0.4864227269836125,-0.433718029867725,-0.7404268511634599,0,1,False,True
-1.295666498696548,0,3,0.7242352881157034,-0.4864227269836125,-0.433718029867725,-0.7315244169956868,0,1,False,True
-1.291819581594777,1,3,-0.058612577276632744,0.6256056311647641,-0.433718029867725,0.46633936984052415,0,0,True,False
-1.2879726644930058,0,1,1.4287983669688058,-0.4864227269836125,-0.433718029867725,2.51876314113585,1,1,False,True
-1.2841257473912346,0,3,-1.1154571955562864,0.6256056311647641,-0.433718029867725,-0.2481988851585859,0,0,False,False
-1.2802788302894634,0,3,-0.5283212965120344,-0.4864227269836125,-0.433718029867725,-0.7201605482153013,0,1,False,True
-1.2764319131876922,0,3,-0.6848908695905016,0.6256056311647641,-0.433718029867725,-0.5893507746408237,0,0,False,True
-1.272584996085921,0,3,-0.9197452292082025,-0.4864227269836125,-0.433718029867725,-0.2478967330055407,0,0,False,False
-1.2687380789841498,0,3,-0.6066060830512681,-0.4864227269836125,-0.433718029867725,-0.7293725041008279,0,1,False,True
-1.2648911618823786,0,3,3.268490850640796,-0.4864227269836125,-0.433718029867725,-0.7422692423405652,0,1,True,False
-1.2610442447806074,0,2,0.01967220926260087,0.6256056311647641,-0.433718029867725,0.23419808152525404,0,1,False,True
-1.253350410577065,0,3,-2.0940170272967067,3.961690705609894,2.112732524279903,0.9914208553155401,0,0,False,True
-1.2456565763735226,0,3,-0.058612577276632744,-0.4864227269836125,-0.433718029867725,-0.7201605482153013,0,1,False,True
-1.2418096592717516,0,2,0.2936689621499185,0.6256056311647641,-0.433718029867725,0.9026765570967311,0,1,False,False
-1.2379627421699804,1,2,0.2936689621499185,-0.4864227269836125,-0.433718029867725,-0.3553670951484481,1,0,False,True
-1.230268907966438,1,3,-1.3111691619043706,0.6256056311647641,-0.433718029867725,-0.48494615141661945,0,1,False,False
-1.2264219908646667,0,3,-0.058612577276632744,-0.4864227269836125,-0.433718029867725,-0.7422692423405652,0,1,True,False
-1.2225750737628955,1,3,-0.37175172343356716,-0.4864227269836125,-0.433718029867725,-0.7870983044618918,0,1,False,True
-1.2187281566611243,1,3,-0.058612577276632744,0.6256056311647641,0.839507247206089,0.33429887895974025,1,0,False,False
-1.2148812395593531,0,3,1.2722287938903387,-0.4864227269836125,-0.433718029867725,-0.7993833688308302,0,1,False,True
-1.211034322457582,0,3,0.3328113554195353,-0.4864227269836125,-0.433718029867725,-0.7315244169956868,0,1,False,False
-1.2071874053558107,0,3,-0.6848908695905016,-0.4864227269836125,-0.433718029867725,-0.7938561952995141,0,1,False,True
-1.2033404882540395,0,3,1.4287983669688058,0.6256056311647641,-0.433718029867725,-0.24482362452212897,0,0,False,True
-1.1994935711522683,1,2,0.01967220926260087,0.6256056311647641,-0.433718029867725,0.602676316946318,0,0,False,True
-1.1956466540504973,0,2,-0.29346693689433356,-0.4864227269836125,-0.433718029867725,-0.3553670951484481,0,1,False,True
-1.191799736948726,0,2,-0.4500365099728008,-0.4864227269836125,-0.433718029867725,-0.20460054034356565,0,1,False,False
-1.1879528198469549,1,1,-0.7631756561297353,-0.4864227269836125,2.112732524279903,0.6235542937652754,1,0,False,True
-1.1841059027451837,0,1,0.6459505015764697,0.6256056311647641,-0.433718029867725,2.5998283529284842,1,1,False,True
-1.1802589856434125,0,3,-0.9980300157474361,-0.4864227269836125,-0.433718029867725,-0.6341798367621504,0,1,False,True
-1.17256515143987,0,3,-0.058612577276632744,-0.4864227269836125,2.112732524279903,-0.18986141092672315,0,0,False,False
-1.1687182343380988,1,3,-0.5283212965120344,-0.4864227269836125,-0.433718029867725,-0.7422692423405652,0,0,False,True
-1.1648713172363276,1,3,-0.37175172343356716,0.6256056311647641,-0.433718029867725,-0.14533450095844175,0,0,False,True
-1.1610244001345564,0,3,-0.7631756561297353,-0.4864227269836125,-0.433718029867725,-0.815964889424778,0,1,True,False
-1.1571774830327852,0,2,-0.8414604426689688,-0.4864227269836125,-0.433718029867725,-0.4659105657747673,0,1,False,True
-1.153330565931014,0,2,-0.7631756561297353,0.6256056311647641,0.839507247206089,1.3949045231016053,0,1,False,True
-1.149483648829243,1,3,-0.13689736381586634,-0.4864227269836125,-0.433718029867725,-0.7388939817041082,0,1,False,True
-1.1456367317274718,0,3,-1.5460235215220715,1.7376339893131407,2.112732524279903,1.2198773612765998,0,0,False,True
-1.1417898146257006,0,2,0.606808108306853,-0.4864227269836125,2.112732524279903,0.602676316946318,1,1,False,True
-1.1379428975239294,0,2,1.0373744342726379,-0.4864227269836125,-0.433718029867725,-0.3553670951484481,0,1,False,True
-1.1340959804221582,0,2,1.7419375131257404,-0.4864227269836125,-0.433718029867725,-0.3903725275134492,0,1,False,True
-1.1264021462186158,0,3,2.0942190525522917,-0.4864227269836125,-0.433718029867725,-0.7201605482153013,0,1,False,True
-1.1225552291168446,0,3,0.9199472544637874,-0.4864227269836125,2.112732524279903,-0.24482362452212897,0,1,False,True
-1.1187083120150734,0,3,-0.058612577276632744,-0.4864227269836125,-0.433718029867725,-0.7745110879399083,0,1,False,True
-1.1148613949133022,0,1,1.7419375131257404,-0.4864227269836125,0.839507247206089,3.209969354268098,0,1,False,False
-1.111014477811531,1,3,-0.9980300157474361,-0.4864227269836125,-0.433718029867725,-0.7434999596468715,0,0,True,False
-1.1071675607097597,0,3,0.09795699580183448,-0.4864227269836125,-0.433718029867725,-0.7201605482153013,0,1,False,True
-1.1033206436079888,0,3,-0.058612577276632744,-0.4864227269836125,-0.433718029867725,-0.6750219643762211,0,1,False,True
-1.0956268094044463,0,3,1.193944007351105,-0.4864227269836125,0.839507247206089,-0.12691058918738843,0,1,False,True
-1.0917798923026751,1,2,0.8808048611941706,-0.4864227269836125,-0.433718029867725,-0.152704065666863,0,0,False,True
-1.087932975200904,0,3,-0.21518215035509997,-0.4864227269836125,-0.433718029867725,-0.7404268511634599,0,1,False,True
-1.0840860580991327,0,3,-0.9197452292082025,-0.4864227269836125,-0.433718029867725,-0.6750219643762211,0,1,False,True
-1.0802391409973615,0,3,-2.1723018138359405,3.961690705609894,0.839507247206089,1.6113854864114803,0,1,False,True
-1.0763922238955903,1,3,-1.5460235215220715,-0.4864227269836125,2.112732524279903,0.19919264916025287,0,1,False,True
-1.072545306793819,1,1,-0.058612577276632744,-0.4864227269836125,0.839507247206089,2.739850082388488,1,0,False,True
-1.068698389692048,0,3,1.2722287938903387,0.6256056311647641,4.659183078427531,0.7426980464063221,0,0,False,True
-1.0648514725902767,0,1,-0.058612577276632744,-0.4864227269836125,-0.433718029867725,0.597149143415002,0,1,False,True
-1.0610045554885055,0,3,-0.058612577276632744,-0.4864227269836125,-0.433718029867725,2.850084031297054,0,1,False,True
-1.0571576383867343,0,1,2.5247853785180765,-0.4864227269836125,-0.433718029867725,1.1553936700779137,1,1,False,True
-1.0533107212849633,0,3,-1.9374474542182394,3.961690705609894,0.839507247206089,0.8329752140844828,0,1,True,False
-1.049463804183192,1,3,-2.1723018138359405,0.6256056311647641,0.839507247206089,-0.4929347595605481,0,0,False,True
-1.0456168870814209,0,3,-0.6066060830512681,-0.4864227269836125,-0.433718029867725,-0.7293725041008279,0,1,False,True
-1.0417699699796497,0,1,2.1333614458219086,-0.4864227269836125,-0.433718029867725,0.9487363365243642,1,1,False,False
-1.0379230528778784,0,3,-0.8414604426689688,0.6256056311647641,0.839507247206089,-0.7345901559143904,0,1,False,True
-1.0340761357761072,0,3,-0.058612577276632744,2.8496623474615173,0.839507247206089,0.5633744283563072,0,1,False,True
-1.030229218674336,0,1,1.6636527265865066,-0.4864227269836125,-0.433718029867725,0.8025757596622449,1,0,False,False
-1.0263823015725648,0,2,0.09795699580183448,-0.4864227269836125,-0.433718029867725,-0.3553670951484481,0,1,False,True
-1.0225353844707936,0,3,0.5676657150372362,-0.4864227269836125,-0.433718029867725,-1.313410507243214,0,1,False,True
-1.0148415502672512,0,2,-0.058612577276632744,-0.4864227269836125,-0.433718029867725,-0.2042910186258119,0,1,False,False
-1.01099463316548,0,3,-1.5460235215220715,3.961690705609894,2.112732524279903,0.9997116156125142,0,1,False,True
-1.007147716063709,1,2,-2.1723018138359405,1.7376339893131407,0.839507247206089,1.560719729041084,1,1,False,True
-1.0033007989619378,1,3,-1.9374474542182394,-0.4864227269836125,2.112732524279903,0.309736119786572,0,0,False,True
-0.9994538818601665,0,1,-0.058612577276632744,-0.4864227269836125,-0.433718029867725,2.3713718469674245,1,1,False,True
-0.9956069647583954,1,3,-0.058612577276632744,0.6256056311647641,-0.433718029867725,-0.17112797743791622,0,0,True,False
-0.9917600476566242,1,1,1.2722287938903387,-0.4864227269836125,-0.433718029867725,0.643208922842635,0,1,False,True
-0.987913130554853,0,3,0.8808048611941706,0.6256056311647641,0.839507247206089,-0.17112797743791622,0,1,True,False
-0.9840662134530818,0,3,0.5676657150372362,-0.4864227269836125,-0.433718029867725,-0.7315244169956868,0,1,False,True
-0.9802192963513106,1,2,0.25452656888030173,-0.4864227269836125,-0.433718029867725,-0.3553670951484481,0,0,False,True
-0.9763723792495393,0,2,-0.7631756561297353,-0.4864227269836125,-0.433718029867725,-0.3553670951484481,0,1,False,True
-0.9725254621477682,1,3,-0.7631756561297353,0.6256056311647641,-0.433718029867725,-0.7345901559143904,0,0,False,True
-0.968678545045997,1,2,-2.015732240757473,0.6256056311647641,0.839507247206089,0.602676316946318,1,1,False,True
-0.9648316279442258,1,1,1.193944007351105,-0.4864227269836125,-0.433718029867725,0.7294917864488313,1,0,False,False
-0.9571377937406834,0,3,-0.058612577276632744,-0.4864227269836125,-0.433718029867725,-0.7422692423405652,0,1,True,False
-0.9532908766389122,0,3,1.0373744342726379,-0.4864227269836125,0.839507247206089,-0.6940575500180732,0,1,False,True
-0.9494439595371411,1,3,-0.058612577276632744,-0.4864227269836125,-0.433718029867725,-0.7422692423405652,0,0,True,False
-0.9455970424353699,0,2,-0.37175172343356716,-0.4864227269836125,-0.433718029867725,-0.3553670951484481,0,0,False,True
-0.9417501253335987,0,3,-0.058612577276632744,-0.4864227269836125,-0.433718029867725,-0.6133018599431929,0,1,False,True
-0.9340562911300563,0,3,0.4110961419587689,-0.4864227269836125,-0.433718029867725,-0.8346983229135849,0,1,False,True
-0.9302093740282851,0,3,1.3113711871599554,-0.4864227269836125,-0.433718029867725,-0.7809594570597769,0,1,False,False
-0.926362456926514,1,3,-0.8414604426689688,-0.4864227269836125,-0.433718029867725,-0.7201605482153013,0,1,False,True
-0.9225155398247428,0,3,-2.0940170272967067,-0.4864227269836125,0.839507247206089,-0.542369799624638,1,0,False,True
-0.9186686227229716,0,3,0.25452656888030173,0.6256056311647641,-0.433718029867725,-0.14533450095844175,0,1,False,True
-0.9148217056212004,1,3,-0.21518215035509997,-0.4864227269836125,-0.433718029867725,0.07114646235143339,0,1,False,False
-0.9109747885194291,1,3,-0.9980300157474361,-0.4864227269836125,-0.433718029867725,-0.7422692423405652,0,0,True,False
-0.9071278714176579,1,1,0.8808048611941706,-0.4864227269836125,-0.433718029867725,0.9711545523673818,1,1,False,False
-0.9032809543158868,0,3,-0.37175172343356716,-0.4864227269836125,-0.433718029867725,-0.7938561952995141,0,1,False,True
-0.8994340372141156,1,2,0.4893809284980025,-0.4864227269836125,-0.433718029867725,0.23419808152525404,0,0,False,True
-0.8955871201123444,0,3,-0.5283212965120344,-0.4864227269836125,-0.433718029867725,-0.7791170658826716,0,1,False,True
-0.8917402030105732,0,2,0.09795699580183448,-0.4864227269836125,-0.433718029867725,-0.3553670951484481,0,1,False,True
-0.887893285908802,0,3,-0.058612577276632744,0.6256056311647641,-0.433718029867725,-0.7422692423405652,0,1,True,False
-0.8801994517052596,1,3,-0.13689736381586634,-0.4864227269836125,-0.433718029867725,-0.7293725041008279,0,0,False,True
-0.8763525346034885,0,2,1.0373744342726379,0.6256056311647641,-0.433718029867725,0.6763719640305307,0,1,False,True
-0.8686587003999461,0,2,0.09795699580183448,-0.4864227269836125,-0.433718029867725,-0.53960621285898,0,1,False,True
-0.8648117832981749,1,3,-0.9980300157474361,-0.4864227269836125,-0.433718029867725,-0.7201605482153013,0,1,False,True
-0.8609648661964037,0,2,-0.13689736381586634,-0.4864227269836125,-0.433718029867725,-0.3553670951484481,0,1,False,True
-0.8571179490946325,0,3,1.7419375131257404,-0.4864227269836125,-0.433718029867725,-0.7201605482153013,0,1,False,True
-0.8532710319928614,0,3,-0.058612577276632744,-0.4864227269836125,-0.433718029867725,-0.7315244169956868,0,1,False,True
-0.845577197789319,0,3,-0.5283212965120344,-0.4864227269836125,-0.433718029867725,-0.6243562070058247,0,1,False,True
-0.8417302806875477,1,2,-0.7631756561297353,-0.4864227269836125,-0.433718029867725,-0.53960621285898,0,1,False,True
-0.8378833635857765,0,3,-0.6457484763208848,-0.4864227269836125,-0.433718029867725,-0.7791170658826716,0,1,False,True
-0.8340364464840053,0,2,-0.8414604426689688,-0.4864227269836125,-0.433718029867725,-0.3553670951484481,0,1,False,True
-0.8301895293822342,0,3,-0.058612577276632744,2.8496623474615173,0.839507247206089,0.5633744283563072,0,0,False,True
-0.8224956951786918,0,3,0.01967220926260087,-0.4864227269836125,-0.433718029867725,-0.7404268511634599,0,1,False,True
-0.8186487780769206,0,2,2.3682158054396094,-0.4864227269836125,-0.433718029867725,-0.31851927160634175,0,1,False,True
-0.8148018609751494,1,3,-1.8591626676790058,3.961690705609894,2.112732524279903,0.9997116156125142,0,0,False,True
-0.8109549438733782,0,2,-0.37175172343356716,-0.4864227269836125,-0.433718029867725,-0.53960621285898,0,1,False,True
-0.8071080267716071,0,3,-0.058612577276632744,-0.4864227269836125,-0.433718029867725,-0.7570083717574076,0,0,False,True
-0.8032611096698359,0,2,1.193944007351105,0.6256056311647641,-0.433718029867725,0.602676316946318,0,1,False,True
-0.7994141925680647,1,2,-1.624308308061305,-0.4864227269836125,2.112732524279903,0.6211002287173711,0,0,False,True
-0.7955672754662935,0,2,-0.7631756561297353,-0.4864227269836125,-0.433718029867725,-0.53960621285898,0,1,False,True
-0.7917203583645223,0,2,0.3328113554195353,-0.4864227269836125,-0.433718029867725,-0.4087964392845024,0,1,False,True
-0.787873441262751,0,3,-0.058612577276632744,0.6256056311647641,-0.433718029867725,-0.2481988851585859,0,0,False,False
-0.78402652416098,1,3,-0.058612577276632744,0.6256056311647641,-0.433718029867725,-0.17112797743791622,0,0,True,False
-0.7801796070592087,0,2,0.01967220926260087,-0.4864227269836125,-0.433718029867725,-0.53960621285898,0,1,False,True
-0.7763326899574375,0,3,-0.5283212965120344,-0.4864227269836125,-0.433718029867725,-0.7883290217681982,0,1,False,True
-0.7724857728556663,0,3,0.09795699580183448,-0.4864227269836125,-0.433718029867725,-0.7809594570597769,0,1,False,False
-0.7647919386521239,0,3,-0.29346693689433356,-0.4864227269836125,-0.433718029867725,-0.7404268511634599,0,0,False,True
-0.7609450215503528,1,2,-0.37175172343356716,-0.4864227269836125,2.112732524279903,-0.24482362452212897,0,0,False,True
-0.7570981044485816,1,1,0.6459505015764697,0.6256056311647641,0.839507247206089,2.559605268749921,1,1,False,True
-0.7532511873468104,0,2,1.976791872743441,0.6256056311647641,-0.433718029867725,0.602676316946318,0,1,False,True
-0.7494042702450392,0,3,-0.058612577276632744,-0.4864227269836125,-0.433718029867725,-0.7791170658826716,0,1,False,True
-0.745557353143268,0,3,0.01967220926260087,0.6256056311647641,0.839507247206089,-0.542369799624638,1,0,False,True
-0.7417104360414968,0,1,2.60307016505731,-0.4864227269836125,-0.433718029867725,0.643208922842635,1,1,False,True
-0.7378635189397257,0,3,0.09795699580183448,0.6256056311647641,-0.433718029867725,-0.12691058918738843,0,1,False,True
-0.7340166018379545,0,3,0.9590896477334042,-0.4864227269836125,2.112732524279903,0.1761627594464364,0,0,False,True
-0.7301696847361833,1,3,0.01967220926260087,-0.4864227269836125,2.112732524279903,-0.18986141092672315,0,0,False,False
-0.7147820163290985,1,2,1.6636527265865066,-0.4864227269836125,0.839507247206089,0.602676316946318,0,0,False,True
-0.7109350992273273,0,3,-0.058612577276632744,-0.4864227269836125,-0.433718029867725,-0.7422692423405652,0,1,True,False
-0.7070881821255561,1,3,-2.015732240757473,3.961690705609894,2.112732524279903,0.9997116156125142,0,1,False,True
-0.6993943479220137,0,1,0.8808048611941706,-0.4864227269836125,-0.433718029867725,-1.313410507243214,1,1,False,True
-0.6955474308202425,0,3,-0.058612577276632744,-0.4864227269836125,-0.433718029867725,-0.7422692423405652,0,0,True,False
-0.6917005137184713,0,2,0.5676657150372362,-0.4864227269836125,-0.433718029867725,-0.53960621285898,0,1,False,True
-0.6878535966167002,0,3,-0.9980300157474361,3.961690705609894,0.839507247206089,1.6113854864114803,0,1,False,True
-0.684006679514929,1,3,-0.29346693689433356,0.6256056311647641,-0.433718029867725,-0.7404268511634599,0,1,False,True
-0.6724659282096154,0,1,-0.058612577276632744,-0.4864227269836125,-0.433718029867725,0.9711545523673818,0,1,False,True
-0.6686190111078442,1,3,-0.29346693689433356,-0.4864227269836125,-0.433718029867725,-1.313410507243214,0,1,False,True
-0.6647720940060731,1,2,0.9590896477334042,-0.4864227269836125,0.839507247206089,0.12365461089893488,0,0,False,True
-0.6609251769043019,0,1,0.6459505015764697,-0.4864227269836125,0.839507247206089,0.8753502111579051,1,1,False,False
-0.6570782598025307,1,3,-0.058612577276632744,-0.4864227269836125,-0.433718029867725,-0.7422692423405652,0,0,True,False
-0.6493844255989882,0,3,1.2722287938903387,-0.4864227269836125,-0.433718029867725,-0.7422692423405652,0,0,False,True
-0.645537508497217,0,2,-0.058612577276632744,-0.4864227269836125,-0.433718029867725,-1.313410507243214,0,1,False,True
-0.6416905913954459,0,3,-1.7025930946005385,3.961690705609894,0.839507247206089,0.8329752140844828,0,1,True,False
-0.6378436742936747,1,3,0.4893809284980025,0.6256056311647641,0.839507247206089,0.17892634621209447,0,0,False,True
-0.6339967571919035,0,3,2.8379245246750107,-0.4864227269836125,-0.433718029867725,-0.7422692423405652,0,1,True,False
-0.6301498400901323,0,3,-0.058612577276632744,-0.4864227269836125,-0.433718029867725,-0.7345901559143904,0,1,False,True
-0.6263029229883611,0,3,-0.9980300157474361,-0.4864227269836125,-0.433718029867725,-0.6133018599431929,0,1,False,True
-0.6224560058865899,1,3,-0.7631756561297353,-0.4864227269836125,-0.433718029867725,-0.7201605482153013,0,1,False,True
-0.6186090887848188,0,1,-0.058612577276632744,-0.4864227269836125,-0.433718029867725,0.602676316946318,1,1,False,True
-0.6147621716830476,0,3,0.3328113554195353,-0.4864227269836125,-0.433718029867725,-0.6750219643762211,0,1,False,False
-0.6109152545812764,1,3,0.09795699580183448,-0.4864227269836125,-0.433718029867725,-0.6133018599431929,0,1,False,True
-0.6070683374795052,0,3,-0.5283212965120344,-0.4864227269836125,-0.433718029867725,-0.7315244169956868,0,1,False,True
-0.603221420377734,1,2,1.0373744342726379,-0.4864227269836125,-0.433718029867725,-0.3553670951484481,0,1,False,True
-0.5993745032759628,1,3,-0.5283212965120344,-0.4864227269836125,-0.433718029867725,-0.7422692423405652,0,0,True,False
-0.5878337519706492,0,2,0.5676657150372362,-0.4864227269836125,-0.433718029867725,-0.36457905103397475,1,1,False,False
-0.583986834868878,0,3,-0.37175172343356716,-0.4864227269836125,-0.433718029867725,-0.6612040305479312,0,0,False,True
-0.5801399177671068,0,3,-0.37175172343356716,-0.4864227269836125,-0.433718029867725,-0.7315244169956868,0,1,False,True
-0.5762930006653356,0,1,-0.058612577276632744,-0.4864227269836125,-0.433718029867725,0.7294917864488313,0,1,False,False
-0.5724460835635645,0,3,-0.410894116703184,-0.4864227269836125,-0.433718029867725,-0.7806499353420233,0,1,False,False
-0.5647522493600221,1,1,-0.058612577276632744,-0.4864227269836125,-0.433718029867725,0.9343067288252753,1,1,False,True
-0.5570584151564797,1,3,-0.058612577276632744,-0.4864227269836125,-0.433718029867725,-0.7422692423405652,0,0,True,False
-0.5532114980547085,1,3,-0.058612577276632744,1.7376339893131407,-0.433718029867725,0.4000132874647328,0,1,True,False
-0.5493645809529374,0,3,-0.7631756561297353,-0.4864227269836125,-0.433718029867725,-1.313410507243214,0,1,False,True
-0.5455176638511662,1,2,-0.058612577276632744,-0.4864227269836125,-0.433718029867725,-0.40326926575318645,1,0,True,False
-0.541670746749395,0,3,-0.058612577276632744,-0.4864227269836125,-0.433718029867725,-0.7201605482153013,0,1,False,True
-0.5262830783423103,0,2,0.09795699580183448,0.6256056311647641,-0.433718029867725,0.45528502277789235,0,1,False,False
-0.522436161240539,1,1,0.09795699580183448,-0.4864227269836125,-0.433718029867725,2.882023724743352,1,0,False,False
-0.5108954099352254,0,2,-0.21518215035509997,0.6256056311647641,0.839507247206089,0.602676316946318,0,0,False,True
-0.5070484928334542,0,3,-0.058612577276632744,-0.4864227269836125,-0.433718029867725,-0.7315244169956868,0,1,False,True
-0.5032015757316831,0,2,1.1156592208118714,0.6256056311647641,0.839507247206089,0.6211002287173711,0,1,False,True
-0.49935465862991185,1,3,-0.21518215035509997,-0.4864227269836125,-0.433718029867725,-0.7345901559143904,0,0,False,True
-0.4955077415281407,1,2,-0.37175172343356716,0.6256056311647641,-0.433718029867725,0.602676316946318,0,0,False,True
-0.4916608244263695,0,2,1.976791872743441,-0.4864227269836125,-0.433718029867725,-0.2816714480642354,0,1,False,True
-0.4801200731210559,0,3,-0.5283212965120344,-0.4864227269836125,-0.433718029867725,-0.7791170658826716,0,1,False,True
-0.4762731560192847,0,3,-0.13689736381586634,-0.4864227269836125,-0.433718029867725,-0.7315244169956868,0,1,False,True
-0.47242623891751356,1,2,0.09795699580183448,-0.4864227269836125,-0.433718029867725,-0.40326926575318645,0,0,True,False
-0.46857932181574236,1,2,-0.5283212965120344,0.6256056311647641,0.839507247206089,0.8237632581989562,0,0,False,True
-0.4570385705104288,0,3,2.5247853785180765,-0.4864227269836125,-0.433718029867725,-0.853733908555437,0,1,False,True
-0.4531916534086576,1,2,0.5676657150372362,-0.4864227269836125,-0.433718029867725,-0.3553670951484481,1,0,False,True
-0.4493447363068864,1,3,0.1762417823410681,0.6256056311647641,0.839507247206089,0.19919264916025287,0,0,False,True
-0.4454978192051152,1,1,-0.9980300157474361,-0.4864227269836125,0.839507247206089,2.959404154181775,1,0,False,False
-0.441650902103344,1,3,-0.058612577276632744,1.7376339893131407,-0.433718029867725,0.4000132874647328,0,0,True,False
-0.43780398500157286,0,1,1.3113711871599554,-0.4864227269836125,-0.433718029867725,0.7869154346568499,1,1,False,True
-0.43011015079803044,0,3,-0.9980300157474361,1.7376339893131407,-0.433718029867725,0.013111140272615725,0,1,False,True
-0.4224163165944881,0,3,-0.058612577276632744,-0.4864227269836125,-0.433718029867725,-0.7315244169956868,0,1,False,True
-0.4108755652891745,1,3,1.2722287938903387,-0.4864227269836125,-0.433718029867725,-0.7201605482153013,0,1,False,True
-0.4070286481874033,0,1,1.2722287938903387,-0.4864227269836125,-0.433718029867725,1.3027849642463392,1,1,False,True
-0.4031817310856321,1,2,-2.0940170272967067,0.6256056311647641,0.839507247206089,0.602676316946318,1,1,False,True
-0.39548789688208974,0,2,-0.058612577276632744,-0.4864227269836125,-0.433718029867725,-0.3553670951484481,0,1,False,True
-0.39164097978031853,0,2,-0.29346693689433356,-0.4864227269836125,-0.433718029867725,-0.3553670951484481,0,1,False,True
-0.3877940626785474,0,2,0.5676657150372362,-0.4864227269836125,-0.433718029867725,-0.3553670951484481,0,1,False,True
-0.38394714557677617,1,2,-0.37175172343356716,-0.4864227269836125,-0.433718029867725,-0.3553670951484481,1,0,False,True
-0.38010022847500496,1,2,0.8808048611941706,-0.4864227269836125,-0.433718029867725,-0.3553670951484481,0,0,False,True
-0.3762533113732338,1,3,-0.058612577276632744,0.6256056311647641,-0.433718029867725,-0.12691058918738843,0,0,False,True
-0.3724063942714626,1,3,-2.015732240757473,0.6256056311647641,0.839507247206089,-0.14164971860423106,0,1,False,True
-0.3685594771696914,0,3,1.0373744342726379,-0.4864227269836125,-0.433718029867725,-0.6750219643762211,0,1,False,True
-0.36471256006792024,0,3,-0.4500365099728008,-0.4864227269836125,-0.433718029867725,-0.6335681628913514,0,1,False,True
-0.36086564296614904,0,1,-0.058612577276632744,-0.4864227269836125,-0.433718029867725,1.2659371407042328,1,1,False,True
-0.35701872586437783,0,3,-1.0763148022866698,0.6256056311647641,0.839507247206089,-0.7806499353420233,0,1,False,False
-0.3531718087626067,0,3,-0.29346693689433356,0.6256056311647641,-0.433718029867725,-0.001627989144226776,0,1,False,True
-0.34932489166083547,0,3,-0.058612577276632744,-0.4864227269836125,-0.433718029867725,-0.7809594570597769,0,1,False,False
-0.34547797455906426,0,3,-0.058612577276632744,-0.4864227269836125,-0.433718029867725,-0.6133018599431929,0,1,False,True
-0.3416310574572931,1,1,-0.5283212965120344,-0.4864227269836125,0.839507247206089,2.739850082388488,1,0,False,True
-0.3377841403555219,0,2,0.7242352881157034,-0.4864227269836125,-0.433718029867725,-0.3553670951484481,0,0,False,True
-0.3339372232537507,1,3,-0.058612577276632744,-0.4864227269836125,-0.433718029867725,-0.7327477647372849,0,0,True,False
-0.33009030615197954,1,3,-0.058612577276632744,-0.4864227269836125,-0.433718029867725,-0.7327477647372849,0,0,True,False
-0.32624338905020833,0,3,0.8808048611941706,0.6256056311647641,4.659183078427531,0.7426980464063221,0,1,False,True
-0.3223964719484371,0,2,0.01967220926260087,0.6256056311647641,-0.433718029867725,0.7294917864488313,0,1,False,False
-0.31854955484666597,0,3,1.2722287938903387,-0.4864227269836125,0.839507247206089,-0.2481988851585859,0,0,False,False
-0.31470263774489476,0,3,0.4893809284980025,-0.4864227269836125,-0.433718029867725,-0.7938561952995141,0,1,False,True
-0.31085572064312356,0,3,-0.058612577276632744,0.6256056311647641,-0.433718029867725,-0.17112797743791622,0,1,True,False
-0.3070088035413524,0,3,0.09795699580183448,-0.4864227269836125,-0.433718029867725,-0.7791170658826716,0,1,False,True
-0.29931496933781,1,3,-0.058612577276632744,-0.4864227269836125,-0.433718029867725,-0.7806499353420233,0,0,False,False
-0.29546805223603884,1,3,-0.058612577276632744,-0.4864227269836125,-0.433718029867725,-0.7422692423405652,0,0,True,False
-0.2877742180324964,1,1,-0.29346693689433356,0.6256056311647641,-0.433718029867725,2.7724014497055847,1,1,False,False
-0.28392730093072527,0,3,-0.8414604426689688,0.6256056311647641,-0.433718029867725,-0.8346983229135849,0,1,False,True
-0.28008038382895406,0,3,-0.7631756561297353,-0.4864227269836125,-0.433718029867725,-0.7201605482153013,0,1,False,True
-0.2723865496254117,0,3,-2.015732240757473,2.8496623474615173,0.839507247206089,0.23972525505656994,0,0,False,True
-0.2646927154218693,1,3,-0.5283212965120344,-0.4864227269836125,-0.433718029867725,-0.7791170658826716,0,0,False,True
-0.2569988812183269,0,3,-0.6848908695905016,-0.4864227269836125,-0.433718029867725,-1.0177067233178105,0,1,False,False
-0.2531519641165557,0,3,-0.7631756561297353,-0.4864227269836125,-0.433718029867725,-0.7404268511634599,0,1,False,True
-0.24545812991301336,1,3,-2.1723018138359405,-0.4864227269836125,2.112732524279903,-0.153315739537662,0,0,False,False
-0.24161121281124215,0,3,0.25452656888030173,-0.4864227269836125,-0.433718029867725,-0.7293725041008279,0,1,False,True
-0.23776429570947097,1,1,0.4893809284980025,0.6256056311647641,-0.433718029867725,2.51876314113585,0,0,False,True
-0.2339173786076998,0,3,-0.058612577276632744,-0.4864227269836125,-0.433718029867725,-0.7315244169956868,0,1,False,True
-0.2262235444041574,0,3,-2.1723018138359405,5.07371906375827,2.112732524279903,2.142915341006365,0,1,False,True
-0.22237662730238622,1,2,0.5676657150372362,-0.4864227269836125,-0.433718029867725,-0.3553670951484481,0,0,False,True
-0.218529710200615,0,3,-0.058612577276632744,-0.4864227269836125,-0.433718029867725,-0.743802111799917,0,1,True,False
-0.21468279309884383,1,2,-0.9197452292082025,-0.4864227269836125,-0.433718029867725,-0.4290627422326609,0,0,False,False
-0.20698895889530144,1,3,-0.6066060830512681,-0.4864227269836125,-0.433718029867725,-0.7388939817041082,0,1,False,True
-0.20314204179353026,0,3,-0.058612577276632744,1.7376339893131407,-0.433718029867725,-0.7293725041008279,0,1,False,True
-0.19544820758998788,1,3,-0.37175172343356716,-0.4864227269836125,2.112732524279903,-0.08269320093686093,1,0,False,True
-0.1916012904882167,0,3,-0.5283212965120344,-0.4864227269836125,-0.433718029867725,-0.7388939817041082,0,1,False,True
-0.18775437338644552,0,3,0.1762417823410681,-0.4864227269836125,-0.433718029867725,-0.7345901559143904,0,0,False,True
-0.1839074562846743,0,2,1.3505135804295723,-0.4864227269836125,-0.433718029867725,0.602676316946318,0,1,False,True
-0.18006053918290313,0,2,-0.4500365099728008,-0.4864227269836125,-0.433718029867725,-0.53960621285898,0,1,False,True
-0.17621362208113195,1,2,-0.058612577276632744,-0.4864227269836125,-0.433718029867725,-0.38116057162792255,0,0,False,True
-0.17236670497936074,1,3,0.802520074654937,-0.4864227269836125,-0.433718029867725,-0.7293725041008279,0,1,False,True
-0.16851978787758956,0,3,-0.21518215035509997,-0.4864227269836125,-0.433718029867725,-0.7201605482153013,0,1,False,True
-0.16467287077581838,0,3,-0.6066060830512681,0.6256056311647641,-0.433718029867725,-0.5893507746408237,0,0,False,True
-0.16082595367404717,0,3,-0.058612577276632744,0.6256056311647641,-0.433718029867725,-0.14533450095844175,0,1,False,True
-0.156979036572276,0,3,-0.6848908695905016,-0.4864227269836125,-0.433718029867725,-0.6750219643762211,0,0,False,True
-0.15313211947050479,0,2,0.4110961419587689,0.6256056311647641,-0.433718029867725,0.23419808152525404,0,1,False,True
-0.1492852023687336,0,3,1.7419375131257404,-0.4864227269836125,-0.433718029867725,-0.7422692423405652,0,1,False,True
-0.14543828526696242,1,2,-2.015732240757473,0.6256056311647641,0.839507247206089,0.0683828755857753,0,1,False,True
-0.14159136816519122,0,3,-0.6066060830512681,-0.4864227269836125,-0.433718029867725,-0.7404268511634599,0,1,False,True
-0.13774445106342004,0,3,-0.058612577276632744,2.8496623474615173,0.839507247206089,0.5633744283563072,0,0,False,True
-0.13389753396164886,0,3,-0.058612577276632744,-0.4864227269836125,-0.433718029867725,-0.7315244169956868,0,1,False,True
-0.13005061685987765,0,3,-0.058612577276632744,-0.4864227269836125,-0.433718029867725,-0.8079836508455577,0,1,True,False
-0.12235678265633528,0,2,-0.058612577276632744,-0.4864227269836125,-0.433718029867725,-1.313410507243214,0,1,False,True
-0.1185098655545641,1,3,1.193944007351105,-0.4864227269836125,-0.433718029867725,-0.7293725041008279,0,1,False,True
-0.1146629484527929,0,3,-0.058612577276632744,-0.4864227269836125,-0.433718029867725,-0.7201605482153013,0,0,False,True
-0.11081603135102171,1,2,0.4110961419587689,0.6256056311647641,0.839507247206089,1.081698022993701,0,0,False,True
-0.10696911424925053,1,2,-0.8414604426689688,-0.4864227269836125,2.112732524279903,-0.3553670951484481,0,0,False,True
-0.10312219714747933,0,2,0.09795699580183448,-0.4864227269836125,-0.433718029867725,-0.3553670951484481,0,1,False,True
-0.09927528004570814,0,3,-1.4677387349828377,-0.4864227269836125,2.112732524279903,0.46633936984052415,0,0,False,True
-0.09542836294393696,0,3,-0.058612577276632744,-0.4864227269836125,-0.433718029867725,-0.7315244169956868,0,1,False,False
-0.09158144584216577,0,3,-0.6066060830512681,-0.4864227269836125,-0.433718029867725,-0.7434999596468715,0,1,True,False
-0.08773452874039457,0,3,0.01967220926260087,-0.4864227269836125,-0.433718029867725,-0.7330572864550385,0,1,False,True
-0.08388761163862338,0,3,-0.058612577276632744,0.6256056311647641,0.839507247206089,-0.25219318923055023,0,0,False,True
-0.0800406945368522,0,3,-0.8414604426689688,0.6256056311647641,0.839507247206089,0.1761627594464364,0,1,False,True
-0.076193777435081,0,3,-0.058612577276632744,-0.4864227269836125,-0.433718029867725,-0.7791170658826716,0,1,False,True
-0.07234686033330981,1,2,-0.058612577276632744,0.6256056311647641,-0.433718029867725,0.602676316946318,0,0,False,True
-0.06849994323153863,1,2,-0.7631756561297353,-0.4864227269836125,-0.433718029867725,0.602676316946318,0,0,False,True
-0.06465302612976744,0,3,-0.058612577276632744,-0.4864227269836125,-0.433718029867725,-0.7422692423405652,0,1,True,False
-0.06080610902799625,1,3,0.25452656888030173,-0.4864227269836125,-0.433718029867725,-0.7201605482153013,1,1,False,True
-0.056959191926225054,1,1,-0.058612577276632744,-0.4864227269836125,-0.433718029867725,0.643208922842635,1,1,False,True
-0.05311227482445387,1,3,-0.058612577276632744,0.6256056311647641,-0.433718029867725,-0.12691058918738843,0,0,False,True
-0.04926535772268267,1,2,1.0373744342726379,0.6256056311647641,-0.433718029867725,0.602676316946318,0,0,False,True
-0.045418440620911486,0,3,-0.9197452292082025,-0.4864227269836125,-0.433718029867725,-0.7883290217681982,0,1,False,True
-0.0415715235191403,0,1,1.6636527265865066,0.6256056311647641,-0.433718029867725,2.80617616476428,1,1,False,True
-0.03387768931559792,0,3,-0.6066060830512681,1.7376339893131407,2.112732524279903,1.2198773612765998,0,0,False,True
-0.030030772213826728,1,2,-0.37175172343356716,1.7376339893131407,3.3859578013537166,0.0683828755857753,0,0,False,True
-0.022336938010284347,0,2,0.1762417823410681,-0.4864227269836125,-0.433718029867725,-0.53960621285898,0,1,False,True
-0.01849002090851316,1,2,1.2722287938903387,0.6256056311647641,0.839507247206089,0.6211002287173711,0,0,False,True
-0.01464310380674197,0,3,-0.6848908695905016,-0.4864227269836125,-0.433718029867725,-0.6133018599431929,0,1,False,True
-0.010796186704970779,0,3,-0.29346693689433356,0.6256056311647641,-0.433718029867725,-0.7404268511634599,0,1,False,True
-0.006949269603199589,1,2,-0.058612577276632744,-0.4864227269836125,-0.433718029867725,-0.3553670951484481,0,0,False,True
-0.0031023525014283997,1,3,-0.058612577276632744,-0.4864227269836125,-0.433718029867725,-0.715554570272538,0,1,False,True
0.0045914817021139795,1,2,-1.2328843753651368,-0.4864227269836125,0.839507247206089,0.12365461089893488,0,0,False,True
0.00843839880388517,1,1,0.4110961419587689,-0.4864227269836125,-0.433718029867725,0.643208922842635,0,1,False,True
0.012285315905656359,1,3,-1.8591626676790058,1.7376339893131407,0.839507247206089,0.10584237299868055,0,0,False,False
0.016132233007427547,1,1,1.820222299664974,-0.4864227269836125,-0.433718029867725,0.9343067288252753,1,1,False,True
0.019979150109198738,0,2,0.5676657150372362,0.6256056311647641,2.112732524279903,0.7316436993436902,0,1,False,True
0.02382606721096993,0,3,-0.058612577276632744,0.6256056311647641,-0.433718029867725,0.15804836939313693,0,1,False,True
0.02767298431274112,0,1,0.09795699580183448,-0.4864227269836125,-0.433718029867725,0.7316436993436902,1,1,False,False
0.035366818516283496,0,3,-0.058612577276632744,-0.4864227269836125,-0.433718029867725,-0.7201605482153013,0,1,False,True
0.03921373561805468,1,3,0.01967220926260087,-0.4864227269836125,-0.433718029867725,-0.7315244169956868,0,1,False,False
0.04306065271982588,0,1,2.8379245246750107,-0.4864227269836125,-0.433718029867725,0.643208922842635,1,1,False,True
0.046907569821597064,1,1,-0.058612577276632744,0.6256056311647641,-0.433718029867725,2.5086299896617703,1,0,False,True
0.05075448692336826,1,2,1.6636527265865066,-0.4864227269836125,-0.433718029867725,-0.53960621285898,0,0,False,True
0.054601404025139445,0,3,-0.058612577276632744,-0.4864227269836125,-0.433718029867725,-0.7422692423405652,0,1,True,False
0.05844832112691063,1,1,1.5070831535080396,-0.4864227269836125,-0.433718029867725,0.643208922842635,1,1,False,True
0.062295238228681826,0,3,0.4110961419587689,-0.4864227269836125,-0.433718029867725,-0.7201605482153013,0,1,False,True
0.06614215533045302,0,1,1.4287983669688058,-0.4864227269836125,-0.433718029867725,1.5238719054989776,1,1,False,True
0.0699890724322242,0,2,1.5070831535080396,-0.4864227269836125,-0.433718029867725,-0.3553670951484481,0,1,False,True
0.0738359895339954,0,3,-0.058612577276632744,-0.4864227269836125,-0.433718029867725,-0.7201605482153013,0,1,False,True
0.07768290663576659,0,3,0.7242352881157034,-0.4864227269836125,-0.433718029867725,-0.7938561952995141,0,1,False,True
0.08152982373753777,0,2,-0.058612577276632744,-0.4864227269836125,-0.433718029867725,-1.313410507243214,0,1,False,True
0.08537674083930896,0,1,2.1333614458219086,-0.4864227269836125,-0.433718029867725,0.643208922842635,0,1,False,True
0.08922365794108016,0,3,-0.058612577276632744,-0.4864227269836125,-0.433718029867725,-0.7441116335176705,0,1,True,False
0.09307057504285134,1,3,-2.1918730104707485,1.7376339893131407,0.839507247206089,0.10584237299868055,0,0,False,False
0.09691749214462253,0,3,-0.058612577276632744,-0.4864227269836125,-0.433718029867725,-0.7791170658826716,0,1,False,True
0.10076440924639372,0,3,0.7242352881157034,-0.4864227269836125,-0.433718029867725,-0.6750219643762211,0,1,False,True
0.10461132634816492,1,2,0.3328113554195353,0.6256056311647641,2.112732524279903,0.7316436993436902,0,0,False,True
0.1084582434499361,1,2,-0.4500365099728008,-0.4864227269836125,-0.433718029867725,-0.2970222513518768,1,0,False,False
0.11230516055170729,0,3,-0.5283212965120344,-0.4864227269836125,-0.433718029867725,-0.588429579052271,0,0,False,True
0.11615207765347849,0,1,-0.058612577276632744,-0.4864227269836125,-0.433718029867725,2.51876314113585,1,1,False,True
0.11999899475524967,0,2,0.4110961419587689,0.6256056311647641,-0.433718029867725,0.23419808152525404,0,1,False,True
0.12384591185702086,0,3,0.01967220926260087,0.6256056311647641,-0.433718029867725,-0.7941657170172678,0,1,False,True
0.12769282895879205,0,3,-0.5283212965120344,-0.4864227269836125,-0.433718029867725,-0.7591602846522667,0,1,False,True
0.13153974606056323,1,3,-2.0940170272967067,-0.4864227269836125,0.839507247206089,-0.40787524369594974,0,0,False,True
0.13538666316233444,0,3,-1.5460235215220715,5.07371906375827,2.112732524279903,2.142915341006365,0,1,False,True
0.13923358026410562,0,2,-0.058612577276632744,-0.4864227269836125,-0.433718029867725,-1.313410507243214,0,1,False,True
0.1430804973658768,0,3,1.6636527265865066,-0.4864227269836125,-0.433718029867725,-0.7201605482153013,0,1,False,True
0.146927414467648,1,3,2.6813549515965436,-0.4864227269836125,-0.433718029867725,-0.6068534908233242,0,0,False,True
0.15462124867119037,0,3,-0.058612577276632744,2.8496623474615173,0.839507247206089,0.5633744283563072,0,0,False,True
0.16231508287473276,0,1,2.2899310189003756,-0.4864227269836125,-0.433718029867725,0.8753502111579051,1,1,False,False
0.16616199997650394,0,3,0.09795699580183448,-0.4864227269836125,-0.433718029867725,-0.7201605482153013,0,1,False,True
0.17000891707827515,1,3,-1.5460235215220715,0.6256056311647641,0.839507247206089,-0.14164971860423106,0,1,False,True
0.17385583418004633,0,3,-0.058612577276632744,0.6256056311647641,-0.433718029867725,0.15804836939313693,0,1,False,True
0.1777027512818175,0,3,-0.6066060830512681,-0.4864227269836125,-0.433718029867725,-0.7791170658826716,0,1,False,True
0.1815496683835887,0,1,2.055076659282675,-0.4864227269836125,-0.433718029867725,0.9343067288252753,1,1,False,True
0.1853965854853599,0,1,3.3076332439104124,-0.4864227269836125,-0.433718029867725,2.3348335451430717,0,1,False,False
0.18924350258713107,0,3,-0.6066060830512681,-0.4864227269836125,-0.433718029867725,-0.7201605482153013,0,1,False,True
0.19309041968890228,0,3,-0.058612577276632744,-0.4864227269836125,-0.433718029867725,-0.2478967330055407,0,1,False,False
0.20078425389244464,0,3,-0.058612577276632744,-0.4864227269836125,-0.433718029867725,-0.20060623627160135,0,1,False,True
0.20847808809598703,0,3,-0.37175172343356716,-0.4864227269836125,-0.433718029867725,-0.7388939817041082,0,1,False,True
0.2123250051977582,0,3,-0.9197452292082025,-0.4864227269836125,-0.433718029867725,-0.6750219643762211,0,1,False,True
0.21617192229952942,0,3,-0.6066060830512681,-0.4864227269836125,-0.433718029867725,-0.7422692423405652,0,0,True,False
0.2200188394013006,0,3,-0.058612577276632744,-0.4864227269836125,-0.433718029867725,-0.751171676508338,0,0,True,False
0.2238657565030718,0,3,0.6459505015764697,-0.4864227269836125,-0.433718029867725,-0.6068534908233242,0,0,False,True
0.23540650780838537,1,2,0.3328113554195353,-0.4864227269836125,2.112732524279903,0.602676316946318,0,0,False,True
0.23925342491015655,1,1,-0.058612577276632744,-0.4864227269836125,-0.433718029867725,0.643208922842635,0,1,False,True
0.24310034201192773,0,3,-0.058612577276632744,-0.4864227269836125,-0.433718029867725,0.3465839433286784,0,1,False,True
0.24694725911369894,1,3,-0.21518215035509997,-0.4864227269836125,-0.433718029867725,2.850084031297054,0,1,False,True
0.2507941762154701,1,3,0.01967220926260087,-0.4864227269836125,-0.433718029867725,-0.7422692423405652,0,1,True,False
0.25464109331724133,0,3,-0.058612577276632744,-0.4864227269836125,-0.433718029867725,-0.7201605482153013,0,1,False,True
0.2584880104190125,1,1,0.5676657150372362,-0.4864227269836125,-0.433718029867725,0.6238638154830292,1,1,False,True
0.2623349275207837,1,1,1.976791872743441,0.6256056311647641,-0.433718029867725,3.0641109295590243,0,0,False,False
0.2661818446225549,0,3,-0.37175172343356716,-0.4864227269836125,-0.433718029867725,-0.7610026758293721,0,1,False,True
0.27002876172432605,0,1,1.4287983669688058,-0.4864227269836125,-0.433718029867725,1.1937743630793718,1,1,False,True
0.27387567882609726,1,2,0.4110961419587689,-0.4864227269836125,-0.433718029867725,-0.53960621285898,1,0,False,True
0.27772259592786847,0,3,-0.058612577276632744,-0.4864227269836125,-0.433718029867725,0.46633936984052415,0,1,True,False
0.2815695130296396,1,2,0.5676657150372362,0.6256056311647641,-0.433718029867725,0.602676316946318,0,0,False,True
0.2854164301314108,0,3,0.25452656888030173,-0.4864227269836125,-0.433718029867725,-0.7315244169956868,0,1,False,True
0.2931102643349532,0,3,-0.5283212965120344,-0.4864227269836125,-0.433718029867725,-0.7315244169956868,0,1,False,True
0.2969571814367244,0,3,-0.058612577276632744,-0.4864227269836125,-0.433718029867725,-0.7809594570597769,0,1,False,False
0.3008040985384956,1,1,1.193944007351105,-0.4864227269836125,0.839507247206089,2.959404154181775,1,0,False,False
0.30465101564026675,0,3,-0.058612577276632744,-0.4864227269836125,-0.433718029867725,-0.7806499353420233,0,1,False,False
0.30849793274203796,0,3,0.9199472544637874,-0.4864227269836125,-0.433718029867725,-0.7422692423405652,0,1,True,False
0.31234484984380917,1,2,1.6636527265865066,-0.4864227269836125,-0.433718029867725,-0.53960621285898,0,0,False,True
0.32003868404735153,0,3,0.802520074654937,-0.4864227269836125,-0.433718029867725,-0.7293725041008279,0,1,False,True
0.32388560114912274,0,2,-0.4500365099728008,1.7376339893131407,0.839507247206089,-0.4659105657747673,0,1,False,True
0.3277325182508939,1,2,-2.0940170272967067,0.6256056311647641,0.839507247206089,0.602676316946318,0,0,False,True
0.3315794353526651,0,3,-0.058612577276632744,-0.4864227269836125,-0.433718029867725,-0.7806499353420233,0,1,False,False
0.3354263524544363,0,3,-0.9197452292082025,0.6256056311647641,0.839507247206089,-0.7806499353420233,0,1,False,False
0.33927326955620746,1,3,-0.058612577276632744,-0.4864227269836125,2.112732524279903,0.33429887895974025,0,0,False,False
0.34312018665797867,0,3,0.09795699580183448,-0.4864227269836125,-0.433718029867725,-0.6750219643762211,0,0,False,True
0.3469671037597499,1,2,-1.7025930946005385,-0.4864227269836125,2.112732524279903,0.6211002287173711,0,0,False,True
0.350814020861521,0,1,1.2722287938903387,-0.4864227269836125,-0.433718029867725,0.643208922842635,1,1,False,True
0.35850785506506344,0,3,-0.058612577276632744,-0.4864227269836125,-0.433718029867725,-0.24482362452212897,0,1,False,True
0.3623547721668346,1,1,-0.5283212965120344,-0.4864227269836125,2.112732524279903,2.334524023425318,1,0,False,False
0.370048606370377,0,3,-1.5460235215220715,3.961690705609894,2.112732524279903,0.9914208553155401,0,0,False,True
0.3738955234721482,0,3,-1.3894539484436041,3.961690705609894,2.112732524279903,0.9914208553155401,0,0,False,True
0.37774244057391937,1,2,0.25452656888030173,0.6256056311647641,-0.433718029867725,0.602676316946318,0,1,False,True
0.3854362747774618,0,1,2.7596397381357773,-0.4864227269836125,-0.433718029867725,0.602676316946318,0,1,False,True
0.38928319187923294,1,2,-0.7631756561297353,0.6256056311647641,-0.433718029867725,0.602676316946318,0,0,False,True
0.39313010898100414,1,2,-0.058612577276632744,-0.4864227269836125,-0.433718029867725,-0.29180459953831456,0,1,False,False
0.39697702608277535,0,3,0.3328113554195353,0.6256056311647641,0.839507247206089,0.19919264916025287,0,1,False,True
0.4008239431845465,1,2,-1.624308308061305,0.6256056311647641,0.839507247206089,1.3949045231016053,0,1,False,True
0.4085177773880889,0,2,-0.13689736381586634,-0.4864227269836125,-0.433718029867725,0.602676316946318,0,1,False,True
0.4123646944898601,0,3,-0.058612577276632744,-0.4864227269836125,-0.433718029867725,-0.7364325470914955,0,1,True,False
0.4162116115916313,1,3,-0.5283212965120344,-0.4864227269836125,-0.433718029867725,-0.7809594570597769,0,1,False,False
0.4200585286934025,1,3,-0.5283212965120344,-0.4864227269836125,-0.433718029867725,-0.7404268511634599,0,0,False,True
0.42390544579517364,0,1,2.60307016505731,-0.4864227269836125,-0.433718029867725,0.643208922842635,0,1,False,True
0.42775236289694485,1,1,1.5070831535080396,0.6256056311647641,-0.433718029867725,1.6049371172916118,1,0,False,False
0.4392931142022584,1,3,0.5676657150372362,0.6256056311647641,-0.433718029867725,-0.031106247977912043,0,0,False,True
0.4431400313040296,0,3,-0.058612577276632744,-0.4864227269836125,-0.433718029867725,-0.7422692423405652,0,1,True,False
0.4469869484058008,0,3,0.8808048611941706,-0.4864227269836125,-0.433718029867725,-0.7315244169956868,0,1,False,True
0.450833865507572,0,2,-0.058612577276632744,-0.4864227269836125,-0.433718029867725,-0.31851927160634175,0,1,False,True
0.4546807826093432,0,3,-0.058612577276632744,-0.4864227269836125,-0.433718029867725,-0.7201605482153013,0,1,False,True
0.45852769971111434,0,3,-0.058612577276632744,-0.4864227269836125,-0.433718029867725,-0.7201605482153013,0,0,False,True
0.46237461681288555,0,3,-0.37175172343356716,1.7376339893131407,-0.433718029867725,0.46633936984052415,0,1,False,True
0.46622153391465676,0,3,-0.7631756561297353,-0.4864227269836125,-0.433718029867725,-0.7315244169956868,0,1,False,True
0.4700684510164279,0,3,0.01967220926260087,-0.4864227269836125,4.659183078427531,0.23972525505656994,0,0,False,True
0.4739153681181991,0,3,-0.058612577276632744,-0.4864227269836125,-0.433718029867725,-0.7806499353420233,0,1,False,False
0.47776228521997033,1,3,0.25452656888030173,-0.4864227269836125,-0.433718029867725,-0.7345901559143904,0,1,False,True
0.4816092023217415,1,2,2.60307016505731,-0.4864227269836125,-0.433718029867725,-0.53960621285898,0,1,False,True
0.4854561194235127,1,1,1.8985070862042075,1.7376339893131407,-0.433718029867725,2.480382448134392,1,0,False,True
0.4893030365252839,1,1,0.5676657150372362,-0.4864227269836125,-0.433718029867725,0.6312333801914503,1,1,False,True
0.49314995362705505,1,3,-0.058612577276632744,-0.4864227269836125,-0.433718029867725,-0.7422692423405652,0,0,True,False
0.49699687072882626,0,3,-0.9980300157474361,-0.4864227269836125,-0.433718029867725,-0.7201605482153013,0,1,False,True
0.5008437878305975,0,3,-0.7631756561297353,-0.4864227269836125,-0.433718029867725,-0.24482362452212897,0,1,False,True
0.5046907049323687,1,2,0.4110961419587689,-0.4864227269836125,-0.433718029867725,-0.3553670951484481,0,0,False,True
0.5085376220341399,1,1,0.802520074654937,0.6256056311647641,-0.433718029867725,2.80617616476428,1,0,False,True
0.512384539135911,0,3,-0.058612577276632744,0.6256056311647641,-0.433718029867725,-0.2478967330055407,0,0,False,False
0.5162314562376822,1,3,0.25452656888030173,-0.4864227269836125,-0.433718029867725,-0.7293725041008279,0,1,False,True
0.5200783733394534,1,2,-0.29346693689433356,0.6256056311647641,0.839507247206089,0.897458905283169,0,0,False,True
0.5277722075429958,0,2,1.976791872743441,-0.4864227269836125,-0.433718029867725,0.602676316946318,0,1,False,True
0.531619124644767,0,1,0.5676657150372362,-0.4864227269836125,-0.433718029867725,1.6436273320108232,1,1,False,False
0.5354660417465381,0,3,-0.058612577276632744,-0.4864227269836125,-0.433718029867725,-0.6713371820220103,0,1,False,False
0.5431598759500805,0,2,1.4287983669688058,-0.4864227269836125,-0.433718029867725,-0.20797580098002258,0,1,False,True
0.5508537101536229,0,3,-0.5283212965120344,-0.4864227269836125,-0.433718029867725,-0.7201605482153013,0,1,False,True
0.5547006272553942,0,3,-0.058612577276632744,-0.4864227269836125,-0.433718029867725,-0.7201605482153013,0,1,False,True
0.5585475443571652,0,3,0.4893809284980025,-0.4864227269836125,-0.433718029867725,-0.7883290217681982,0,1,False,True
0.5662413785607077,0,3,1.4287983669688058,-0.4864227269836125,-0.433718029867725,-0.7791170658826716,0,1,False,True
0.5700882956624789,0,3,-0.058612577276632744,-0.4864227269836125,2.112732524279903,-0.7422692423405652,0,0,True,False
0.5739352127642501,0,2,0.6459505015764697,0.6256056311647641,-0.433718029867725,0.602676316946318,0,1,False,True
0.5777821298660213,0,3,0.5676657150372362,0.6256056311647641,0.839507247206089,0.46633936984052415,0,1,False,True
0.5816290469677924,1,2,-0.058612577276632744,-0.4864227269836125,-0.433718029867725,1.1185458465358074,0,0,False,True
0.5854759640695636,0,3,1.585367940047273,-0.4864227269836125,-0.433718029867725,-1.313410507243214,0,1,False,True
0.5893228811713348,0,3,-0.058612577276632744,-0.4864227269836125,-0.433718029867725,-0.7809594570597769,0,1,False,False
0.593169798273106,1,1,1.585367940047273,0.6256056311647641,-0.433718029867725,2.882023724743352,1,1,False,False
0.5970167153748772,1,2,-0.37175172343356716,1.7376339893131407,0.839507247206089,0.6763719640305307,0,0,False,True
0.6008636324766484,0,3,-0.058612577276632744,-0.4864227269836125,-0.433718029867725,-0.7315244169956868,0,1,False,True
0.6047105495784195,0,1,-0.058612577276632744,-0.4864227269836125,-0.433718029867725,1.8112849291274074,0,1,False,True
0.6085574666801907,0,3,1.193944007351105,-0.4864227269836125,-0.433718029867725,-0.7201605482153013,0,1,False,True
0.6124043837819619,1,1,0.4893809284980025,-0.4864227269836125,-0.433718029867725,0.643208922842635,0,1,False,False
0.6162513008837331,0,3,0.5676657150372362,0.6256056311647641,-0.433718029867725,-0.1674431950837055,0,1,False,True
0.6200982179855044,0,3,0.09795699580183448,-0.4864227269836125,-0.433718029867725,-0.7315244169956868,0,1,False,True
0.6239451350872756,1,1,-0.13689736381586634,-0.4864227269836125,-0.433718029867725,0.9343067288252753,0,1,False,True
0.6277920521890467,1,2,-0.5283212965120344,0.6256056311647641,2.112732524279903,1.7507955420006855,0,0,False,False
0.6354858863925891,0,3,0.802520074654937,0.6256056311647641,5.9324083555013445,0.9914208553155401,0,0,False,True
0.6393328034943603,0,3,-0.058612577276632744,-0.4864227269836125,-0.433718029867725,-0.7938561952995141,0,1,False,True
0.6431797205961315,1,3,-0.058612577276632744,0.6256056311647641,-0.433718029867725,-0.17112797743791622,0,0,True,False
0.6470266376979027,0,3,-0.058612577276632744,-0.4864227269836125,-0.433718029867725,-0.7422692423405652,0,1,True,False
0.6508735547996738,0,3,0.4893809284980025,-0.4864227269836125,-0.433718029867725,-0.7201605482153013,0,1,False,True
0.654720471901445,1,2,-0.37175172343356716,0.6256056311647641,2.112732524279903,3.476806553230616,0,0,False,True
0.6585673890032162,0,3,0.4110961419587689,0.6256056311647641,0.839507247206089,-0.25219318923055023,0,1,False,True
0.6624143061049874,0,3,-0.21518215035509997,0.6256056311647641,-0.433718029867725,-0.12691058918738843,0,0,False,True
0.6662612232067586,1,2,-1.9374474542182394,1.7376339893131407,0.839507247206089,1.560719729041084,1,0,False,True
0.6701081403085298,0,2,-0.21518215035509997,-0.4864227269836125,-0.433718029867725,-0.53960621285898,0,1,False,True
0.673955057410301,0,3,-0.13689736381586634,0.6256056311647641,-0.433718029867725,-0.2481988851585859,0,1,False,False
0.6778019745120721,1,1,1.0373744342726379,0.6256056311647641,-0.433718029867725,2.559605268749921,1,1,False,True
0.6816488916138433,1,3,-0.6848908695905016,0.6256056311647641,0.839507247206089,-0.153315739537662,0,1,False,False
0.6854958087156146,0,3,-0.6066060830512681,-0.4864227269836125,-0.433718029867725,-0.7345901559143904,0,1,False,True
0.6893427258173858,0,3,-0.6066060830512681,-0.4864227269836125,-0.433718029867725,-0.12691058918738843,0,1,False,True
0.693189642919157,0,1,2.5247853785180765,-0.4864227269836125,-0.433718029867725,1.0684917630362099,1,1,False,True
0.6970365600209282,0,2,2.211646232361142,-0.4864227269836125,-0.433718029867725,-0.40326926575318645,0,1,True,False
0.7047303942244705,0,3,-0.21518215035509997,-0.4864227269836125,-0.433718029867725,-0.7315244169956868,0,1,False,True
0.7085773113262417,0,3,-0.058612577276632744,-0.4864227269836125,-0.433718029867725,-0.7434999596468715,0,1,True,False
0.7124242284280129,1,1,4.012196322763515,-0.4864227269836125,-0.433718029867725,0.897458905283169,1,1,False,True
0.7162711455297841,0,3,1.7419375131257404,-0.4864227269836125,-0.433718029867725,-0.7935466735817605,0,1,False,True
0.7201180626315553,1,1,0.25452656888030173,-0.4864227269836125,-0.433718029867725,0.9343067288252753,1,1,False,False
0.7239649797333264,0,1,-0.058612577276632744,-0.4864227269836125,-0.433718029867725,-1.313410507243214,0,1,False,True
0.7278118968350976,0,3,-1.5460235215220715,2.8496623474615173,2.112732524279903,0.7426980464063221,0,0,False,True
0.7316588139368688,1,2,-0.058612577276632744,-0.4864227269836125,-0.433718029867725,-0.3553670951484481,0,0,False,True
0.73550573103864,0,3,0.25452656888030173,-0.4864227269836125,-0.433718029867725,-0.7293725041008279,0,1,False,True
0.7393526481404112,0,2,0.1762417823410681,0.6256056311647641,0.839507247206089,0.6211002287173711,0,1,False,True
0.7431995652421824,0,3,0.9590896477334042,-0.4864227269836125,5.9324083555013445,1.6113854864114803,0,0,False,True
0.7470464823439535,0,3,-0.058612577276632744,0.6256056311647641,-0.433718029867725,-0.12691058918738843,0,1,False,True
0.7508933994457248,0,3,-0.6848908695905016,-0.4864227269836125,-0.433718029867725,-0.7345901559143904,0,1,False,True
0.7585872336492672,0,3,-2.0940170272967067,2.8496623474615173,2.112732524279903,0.7426980464063221,0,0,False,True
0.7624341507510384,1,3,-0.058612577276632744,-0.4864227269836125,-0.433718029867725,2.850084031297054,0,1,False,True
0.7662810678528096,1,3,-2.1918730104707485,1.7376339893131407,0.839507247206089,0.10584237299868055,0,0,False,False
0.7739749020563519,0,3,-0.7631756561297353,-0.4864227269836125,-0.433718029867725,-0.7315244169956868,0,1,False,True
0.7778218191581231,1,1,2.1333614458219086,-0.4864227269836125,-0.433718029867725,1.3027849642463392,1,1,False,False
0.7816687362598943,0,3,-0.058612577276632744,-0.4864227269836125,-0.433718029867725,-0.7570083717574076,0,1,False,True
0.7855156533616655,1,3,-0.4500365099728008,-0.4864227269836125,-0.433718029867725,-0.7570083717574076,0,0,False,True
0.7893625704634367,0,3,-0.058612577276632744,-0.4864227269836125,-0.433718029867725,-0.7315244169956868,0,1,False,True
0.7932094875652078,1,2,-0.8414604426689688,-0.4864227269836125,0.839507247206089,0.38158937569367957,0,0,False,True
0.797056404666979,0,3,-0.6066060830512681,-0.4864227269836125,-0.433718029867725,-0.6919130066879227,0,1,False,True
0.8009033217687502,1,3,-0.058612577276632744,-0.4864227269836125,-0.433718029867725,-0.7364325470914955,0,0,True,False
0.8047502388705214,0,3,-0.8414604426689688,-0.4864227269836125,-0.433718029867725,-0.815964889424778,0,0,True,False
0.8124440730740639,0,3,-0.058612577276632744,-0.4864227269836125,-0.433718029867725,-0.7315244169956868,0,1,False,True
0.816290990175835,0,3,0.25452656888030173,0.6256056311647641,0.839507247206089,-0.17112797743791622,0,0,True,False
0.8201379072776062,0,2,-0.4500365099728008,-0.4864227269836125,-0.433718029867725,-0.3553670951484481,0,1,False,True
0.8316786585829198,0,3,0.8808048611941706,-0.4864227269836125,-0.433718029867725,-0.7809594570597769,0,1,False,False
0.835525575684691,0,1,1.4287983669688058,-0.4864227269836125,-0.433718029867725,0.57227686252408,1,1,False,True
0.8393724927864621,0,3,0.5676657150372362,-0.4864227269836125,-0.433718029867725,-0.7610026758293721,0,1,False,True
0.8432194098882333,1,3,-0.6848908695905016,0.6256056311647641,-0.433718029867725,-0.7293725041008279,0,1,False,True
0.8509132440917757,0,2,-0.29346693689433356,-0.4864227269836125,-0.433718029867725,-0.3553670951484481,0,1,False,True
0.8547601611935469,0,3,-0.058612577276632744,-0.4864227269836125,-0.433718029867725,-0.7404268511634599,0,1,False,True
0.8586070782953181,0,3,1.1156592208118714,-0.4864227269836125,-0.433718029867725,-0.7201605482153013,0,1,False,True
0.8624539953970893,1,1,-0.058612577276632744,0.6256056311647641,-0.433718029867725,2.51876314113585,1,0,False,True
0.8663009124988604,1,2,0.8808048611941706,0.6256056311647641,0.839507247206089,1.560719729041084,0,0,False,True
0.8701478296006316,0,1,0.1762417823410681,0.6256056311647641,-0.433718029867725,2.51876314113585,1,1,False,True
0.8739947467024028,0,2,3.229348457371179,-0.4864227269836125,-0.433718029867725,-0.53960621285898,0,1,False,True
0.877841663804174,1,2,0.1762417823410681,-0.4864227269836125,-0.433718029867725,-0.3553670951484481,0,1,False,True
0.8816885809059453,0,2,-0.058612577276632744,-0.4864227269836125,-0.433718029867725,-1.313410507243214,0,1,False,True
0.8855354980077165,0,3,-0.8414604426689688,-0.4864227269836125,-0.433718029867725,-0.7404268511634599,0,1,False,True
0.8893824151094876,0,3,-0.3326093301639504,-0.4864227269836125,-0.433718029867725,-0.7201605482153013,0,1,False,True
0.8932293322112588,1,3,-0.8414604426689688,-0.4864227269836125,-0.433718029867725,-0.5881200573345173,0,0,False,True
0.89707624931303,0,3,1.1156592208118714,0.6256056311647641,7.205633632575158,2.142915341006365,0,0,False,True
0.9047700835165724,0,3,-0.058612577276632744,-0.4864227269836125,-0.433718029867725,-0.7137121790954328,0,0,True,False
0.9124639177201147,0,3,-0.6848908695905016,-0.4864227269836125,-0.433718029867725,-0.6335681628913514,0,1,False,True
0.9163108348218859,0,3,-1.1545995888259033,5.07371906375827,2.112732524279903,2.142915341006365,0,1,False,True
0.9201577519236571,0,2,2.4465005919788427,0.6256056311647641,0.839507247206089,1.560719729041084,0,1,False,True
0.9240046690254283,0,2,-0.29346693689433356,0.6256056311647641,2.112732524279903,1.7507955420006855,0,1,False,False
0.9278515861271995,0,3,-1.1545995888259033,3.961690705609894,0.839507247206089,1.6113854864114803,0,1,False,True
0.9316985032289707,0,3,-0.7631756561297353,-0.4864227269836125,-0.433718029867725,-0.5638668198791029,0,1,False,True
0.9355454203307418,0,3,-0.8414604426689688,-0.4864227269836125,-0.433718029867725,-0.7388939817041082,0,1,False,True
0.9432392545342843,1,1,0.1762417823410681,0.6256056311647641,-0.433718029867725,2.887241376556914,1,1,False,True
0.9470861716360555,1,3,-1.9374474542182394,-0.4864227269836125,0.839507247206089,-0.32465811900845665,0,0,False,False
0.9509330887378267,1,3,-0.058612577276632744,-0.4864227269836125,-0.433718029867725,2.850084031297054,0,1,False,True
0.9547800058395979,0,3,-0.29346693689433356,-0.4864227269836125,-0.433718029867725,-0.7809594570597769,0,1,False,False
0.958626922941369,0,1,2.4465005919788427,-0.4864227269836125,-0.433718029867725,0.643208922842635,0,1,False,True
0.9624738400431402,0,2,1.820222299664974,-0.4864227269836125,-0.433718029867725,-0.31851927160634175,0,1,False,True
0.9663207571449114,0,3,1.193944007351105,-0.4864227269836125,-0.433718029867725,-0.7201605482153013,0,1,False,True
0.9701676742466826,1,3,-0.058612577276632744,-0.4864227269836125,-0.433718029867725,-0.7434999596468715,0,0,True,False
0.977861508450225,0,3,1.0373744342726379,-0.4864227269836125,-0.433718029867725,-0.7496388070489864,1,1,False,True
0.9855553426537673,1,1,0.4893809284980025,-0.4864227269836125,-0.433718029867725,0.6238638154830292,1,1,False,True
0.9894022597555385,0,3,-0.8414604426689688,-0.4864227269836125,0.839507247206089,-0.2481988851585859,0,0,False,False
0.9932491768573097,0,3,-0.29346693689433356,-0.4864227269836125,-0.433718029867725,-0.7428809162113642,0,1,True,False
0.9970960939590809,0,3,-0.21518215035509997,0.6256056311647641,-0.433718029867725,-0.7345901559143904,0,1,False,True
1.0009430110608522,0,2,0.802520074654937,-0.4864227269836125,-0.433718029867725,0.602676316946318,0,1,False,True
1.0047899281626234,1,2,1.2722287938903387,-0.4864227269836125,-0.433718029867725,-0.31851927160634175,0,0,False,True
1.0086368452643946,1,1,1.0373744342726379,-0.4864227269836125,-0.433718029867725,0.6238638154830292,1,1,False,True
1.0163306794679368,1,3,-0.058612577276632744,0.6256056311647641,0.839507247206089,-0.18986141092672315,0,1,False,False
1.020177596569708,1,1,-0.37175172343356716,-0.4864227269836125,-0.433718029867725,2.3348335451430717,1,0,False,False
1.0240245136714792,0,1,-0.058612577276632744,-0.4864227269836125,-0.433718029867725,0.643208922842635,1,1,False,True
1.0278714307732504,1,1,1.5070831535080396,0.6256056311647641,-0.433718029867725,2.51876314113585,1,1,False,True
1.0317183478750216,0,3,0.01967220926260087,-0.4864227269836125,-0.433718029867725,-0.6145325772494992,0,1,False,True
1.0355652649767928,0,2,1.820222299664974,-0.4864227269836125,-0.433718029867725,-0.3553670951484481,0,1,False,True
1.039412182078564,0,3,-0.7631756561297353,-0.4864227269836125,-0.433718029867725,-0.7496388070489864,1,1,False,True
1.0471060162821064,1,2,-0.13689736381586634,-0.4864227269836125,-0.433718029867725,-0.53960621285898,1,0,False,True
1.0509529333838776,0,3,-0.058612577276632744,-0.4864227269836125,-0.433718029867725,-0.17112797743791622,0,1,True,False
1.0547998504856488,0,3,0.3328113554195353,-0.4864227269836125,-0.433718029867725,-0.7404268511634599,0,1,False,True
1.05864676758742,1,2,-1.780877881139772,-0.4864227269836125,0.839507247206089,1.1185458465358074,0,0,False,True
1.0624936846891913,0,3,-0.9197452292082025,0.6256056311647641,-0.433718029867725,-0.7935466735817605,0,1,False,True
1.0663406017909622,0,2,0.4110961419587689,-0.4864227269836125,-0.433718029867725,-0.3553670951484481,0,1,False,True
1.0701875188927334,0,2,1.6636527265865066,-0.4864227269836125,-0.433718029867725,-0.3553670951484481,0,1,False,True
1.0740344359945047,1,1,-0.13689736381586634,0.6256056311647641,-0.433718029867725,2.5998283529284842,1,1,False,True
1.0778813530962759,0,3,-0.6848908695905016,-0.4864227269836125,-0.433718029867725,-0.6750219643762211,0,1,False,True
1.081728270198047,1,2,0.09795699580183448,2.8496623474615173,-0.433718029867725,0.23419808152525404,0,0,False,True
1.0855751872998183,1,3,-0.058612577276632744,-0.4864227269836125,-0.433718029867725,-0.7431904379291178,0,0,True,False
1.0894221044015895,0,2,-0.29346693689433356,0.6256056311647641,-0.433718029867725,0.602676316946318,0,1,False,True
1.0932690215033607,0,3,-0.29346693689433356,0.6256056311647641,-0.433718029867725,-0.7293725041008279,0,0,False,True
1.100962855706903,0,3,-1.3894539484436041,-0.4864227269836125,-0.433718029867725,0.07114646235143339,0,1,False,False
1.1048097728086743,0,2,-0.058612577276632744,-0.4864227269836125,-0.433718029867725,-1.313410507243214,0,1,False,True
1.1086566899104455,0,2,-0.4500365099728008,-0.4864227269836125,-0.433718029867725,-0.3553670951484481,0,1,False,True
1.1125036070122165,0,2,-0.4500365099728008,-0.4864227269836125,-0.433718029867725,-0.3553670951484481,0,1,False,True
1.1163505241139877,0,3,-0.019470184007015934,-0.4864227269836125,-0.433718029867725,-0.12691058918738843,0,1,False,True
1.120197441215759,0,3,1.5070831535080396,0.6256056311647641,3.3859578013537166,1.2198773612765998,0,0,False,True
1.1278912754193013,0,3,-0.058612577276632744,-0.4864227269836125,-0.433718029867725,-0.7315244169956868,0,1,False,True
1.1317381925210726,0,3,-0.058612577276632744,-0.4864227269836125,-0.433718029867725,-0.7315244169956868,0,1,False,True
1.1355851096228438,1,1,-0.058612577276632744,-0.4864227269836125,-0.433718029867725,0.897458905283169,1,1,False,True
1.1471258609281574,0,3,-0.37175172343356716,0.6256056311647641,-0.433718029867725,-0.12691058918738843,0,1,False,True
1.1509727780299286,1,3,0.1762417823410681,-0.4864227269836125,-0.433718029867725,-0.7293725041008279,0,1,False,True
1.1586666122334708,0,3,-0.9980300157474361,0.6256056311647641,0.839507247206089,0.17892634621209447,0,1,False,True
1.162513529335242,1,2,0.09795699580183448,-0.4864227269836125,-0.433718029867725,-0.3553670951484481,0,0,False,True
1.1663604464370132,0,1,-0.7631756561297353,0.6256056311647641,-0.433718029867725,2.5998283529284842,1,1,False,True
1.1702073635387844,0,3,0.1762417823410681,-0.4864227269836125,-0.433718029867725,-0.7422692423405652,0,1,True,False
1.1740542806405556,1,2,-1.9374474542182394,0.6256056311647641,0.839507247206089,0.38158937569367957,0,0,False,True
1.1779011977423268,1,3,-1.780877881139772,-0.4864227269836125,0.839507247206089,-0.39405730986765986,1,1,False,True
1.181748114844098,0,3,0.3328113554195353,-0.4864227269836125,-0.433718029867725,-0.6133018599431929,0,1,False,True
1.1855950319458692,0,3,-0.4500365099728008,-0.4864227269836125,-0.433718029867725,-0.7315244169956868,0,1,False,True
1.1894419490476404,1,2,1.5070831535080396,0.6256056311647641,2.112732524279903,3.476806553230616,0,0,False,True
1.1932888661494117,1,2,-2.198135793393887,0.6256056311647641,0.839507247206089,-0.24482362452212897,0,1,False,True
1.1971357832511829,0,3,-0.058612577276632744,-0.4864227269836125,-0.433718029867725,-0.7388939817041082,0,1,False,True
1.200982700352954,0,2,-0.8414604426689688,-0.4864227269836125,-0.433718029867725,-0.4659105657747673,0,1,False,True
1.204829617454725,0,3,0.4110961419587689,-0.4864227269836125,-0.433718029867725,-0.7201605482153013,0,1,False,True
1.2125234516582675,0,3,-0.058612577276632744,-0.4864227269836125,-0.433718029867725,-0.24482362452212897,0,1,False,True
1.2163703687600387,0,3,0.9590896477334042,-0.4864227269836125,-0.433718029867725,-0.7883290217681982,0,1,False,True
1.2202172858618099,1,3,-0.6848908695905016,-0.4864227269836125,-0.433718029867725,-0.7806499353420233,0,1,False,False
1.2279111200653523,0,3,-0.9980300157474361,-0.4864227269836125,-0.433718029867725,-0.7404268511634599,0,1,False,True
1.2356049542688947,0,1,-0.058612577276632744,-0.4864227269836125,-0.433718029867725,1.6049371172916118,0,1,False,False
1.239451871370666,0,3,0.13709938907145128,-0.4864227269836125,-0.433718029867725,-0.7422692423405652,0,0,True,False
1.2432987884724371,0,3,-0.058612577276632744,0.6256056311647641,-0.433718029867725,0.46633936984052415,0,1,True,False
1.2471457055742083,0,3,0.25452656888030173,-0.4864227269836125,-0.433718029867725,-0.6971306585014848,0,1,False,True
1.2509926226759795,0,3,-0.37175172343356716,-0.4864227269836125,-0.433718029867725,-0.6133018599431929,0,1,False,True
1.2548395397777505,0,3,1.5070831535080396,-0.4864227269836125,-0.433718029867725,-0.7345901559143904,0,1,False,True
1.2586864568795217,0,2,2.211646232361142,-0.4864227269836125,-0.433718029867725,-0.53960621285898,1,0,False,True
1.262533373981293,0,3,-0.058612577276632744,-0.4864227269836125,-0.433718029867725,-0.7809594570597769,0,1,False,False
1.2663802910830642,1,2,1.976791872743441,0.6256056311647641,3.3859578013537166,0.38158937569367957,0,0,False,True
1.2702272081848354,0,3,-0.8414604426689688,-0.4864227269836125,-0.433718029867725,-0.7422692423405652,0,1,False,True
1.2740741252866066,0,3,-0.058612577276632744,-0.4864227269836125,-0.433718029867725,-0.7422692423405652,1,1,True,False
1.2779210423883778,1,3,-1.8591626676790058,-0.4864227269836125,-0.433718029867725,-0.39405730986765986,0,0,False,True
1.281767959490149,0,3,-0.058612577276632744,-0.4864227269836125,-0.433718029867725,-0.7431904379291178,0,1,True,False
1.2894617936936914,1,3,-1.2328843753651368,-0.4864227269836125,-0.433718029867725,-0.7806499353420233,0,0,False,False
1.2933087107954626,1,1,-0.9197452292082025,0.6256056311647641,-0.433718029867725,2.887241376556914,1,0,False,True
1.2971556278972338,0,1,0.01967220926260087,-0.4864227269836125,-0.433718029867725,0.897458905283169,1,1,False,True
1.3010025449990048,0,3,-0.058612577276632744,0.6256056311647641,2.112732524279903,0.41475241688157527,0,1,False,True
1.304849462100776,0,3,-0.29346693689433356,-0.4864227269836125,-0.433718029867725,-0.7938561952995141,0,1,False,True
1.3086963792025472,0,3,-0.29346693689433356,-0.4864227269836125,-0.433718029867725,-0.7791170658826716,0,1,False,True
1.3125432963043184,1,3,-0.8414604426689688,-0.4864227269836125,-0.433718029867725,-0.7610026758293721,0,0,False,True
1.3163902134060896,0,3,-1.624308308061305,3.961690705609894,0.839507247206089,0.8329752140844828,0,1,True,False
1.3202371305078608,1,3,-2.1723018138359405,0.6256056311647641,2.112732524279903,0.20287743151446355,0,1,False,True
1.3279309647114033,0,3,-0.058612577276632744,-0.4864227269836125,-0.433718029867725,-0.7422692423405652,0,1,True,False
1.3317778818131745,0,2,-0.9980300157474361,-0.4864227269836125,-0.433718029867725,0.602676316946318,0,1,False,True
1.3394717160167169,0,1,-0.058612577276632744,-0.4864227269836125,-0.433718029867725,0.9487363365243642,0,1,False,False
1.343318633118488,0,3,-0.29346693689433356,-0.4864227269836125,-0.433718029867725,-0.7315244169956868,0,1,False,True
1.347165550220259,0,2,0.802520074654937,-0.4864227269836125,-0.433718029867725,-0.3553670951484481,0,1,False,True
1.3510124673220303,1,1,1.585367940047273,-0.4864227269836125,-0.433718029867725,0.5974586651327558,1,0,False,True
1.3548593844238015,1,3,0.1762417823410681,-0.4864227269836125,-0.433718029867725,-0.6734890949168695,0,0,False,True
1.3587063015255727,0,3,0.09795699580183448,-0.4864227269836125,-0.433718029867725,-0.7806499353420233,0,1,False,False
1.362553218627344,0,3,0.09795699580183448,0.6256056311647641,0.839507247206089,0.46633936984052415,0,0,False,True
1.3664001357291151,0,2,0.4110961419587689,-0.4864227269836125,-0.433718029867725,-0.3553670951484481,0,1,False,True
1.3702470528308863,1,2,0.1762417823410681,0.6256056311647641,0.839507247206089,0.6211002287173711,0,0,False,True
1.3779408870344287,1,3,-2.2177069900286956,-0.4864227269836125,0.839507247206089,-0.6857667897210993,0,1,False,False
1.3817878041362,1,3,-0.13689736381586634,-0.4864227269836125,-0.433718029867725,-0.7993833688308302,0,1,False,True
1.3856347212379712,0,3,0.1762417823410681,-0.4864227269836125,-0.433718029867725,-0.7404268511634599,0,1,False,True
1.3894816383397424,0,1,0.802520074654937,-0.4864227269836125,-0.433718029867725,-1.313410507243214,1,1,False,True
1.3933285554415134,0,3,-0.8414604426689688,-0.4864227269836125,-0.433718029867725,-0.7404268511634599,0,0,False,True
1.3971754725432846,0,2,0.802520074654937,-0.4864227269836125,-0.433718029867725,-0.3553670951484481,0,1,False,True
1.4010223896450558,1,1,0.3328113554195353,0.6256056311647641,-0.433718029867725,2.5998283529284842,1,0,False,True
1.404869306746827,0,3,-0.21518215035509997,-0.4864227269836125,-0.433718029867725,-0.732136090866486,0,1,False,True
1.4087162238485982,0,3,0.802520074654937,-0.4864227269836125,-0.433718029867725,0.46633936984052415,0,1,False,True
1.4125631409503694,0,2,0.4893809284980025,-0.4864227269836125,-0.433718029867725,-0.53960621285898,0,1,False,True
1.4164100580521406,0,3,-1.780877881139772,3.961690705609894,2.112732524279903,0.9914208553155401,0,0,False,True
1.4202569751539118,0,3,0.13709938907145128,-0.4864227269836125,-0.433718029867725,-0.7201605482153013,0,1,False,True
1.424103892255683,0,1,-0.058612577276632744,-0.4864227269836125,-0.433718029867725,-1.313410507243214,1,1,False,True
1.4279508093574542,0,3,-0.4500365099728008,-0.4864227269836125,-0.433718029867725,-0.7293725041008279,0,0,False,True
1.4317977264592254,0,2,0.1762417823410681,0.6256056311647641,0.839507247206089,1.4136379565904118,0,1,False,False
1.4356446435609966,0,3,1.1156592208118714,-0.4864227269836125,-0.433718029867725,-0.8380735835500418,0,1,False,True
1.4394915606627678,0,3,-1.4677387349828377,2.8496623474615173,2.112732524279903,0.7426980464063221,0,1,False,True
1.44718539486631,1,3,-0.13689736381586634,-0.4864227269836125,-0.433718029867725,-0.6750219643762211,0,1,False,True
1.4510323119680812,0,1,0.7242352881157034,-0.4864227269836125,-0.433718029867725,-1.313410507243214,0,1,False,True
1.4548792290698525,1,3,-0.13689736381586634,-0.4864227269836125,0.839507247206089,-0.39405730986765986,1,0,False,True
1.4587261461716237,0,3,-2.0940170272967067,3.961690705609894,0.839507247206089,1.6113854864114803,0,1,False,True
1.4625730632733949,0,3,-0.058612577276632744,-0.4864227269836125,-0.433718029867725,-0.8012257600079354,0,1,True,False
1.466419980375166,0,3,-0.058612577276632744,-0.4864227269836125,-0.433718029867725,2.850084031297054,0,1,False,True
1.4702668974769373,1,2,-2.1723018138359405,-0.4864227269836125,2.112732524279903,1.4136379565904118,0,1,False,False
1.4741138145787085,1,3,-0.058612577276632744,-0.4864227269836125,-0.433718029867725,-0.7422692423405652,0,1,True,False
1.481807648782251,1,3,-1.0763148022866698,0.6256056311647641,-0.433718029867725,-0.2481988851585859,0,0,False,False
1.4856545658840221,1,2,-2.18561022754761,0.6256056311647641,0.839507247206089,0.0683828755857753,0,1,False,True
1.489501482985793,0,3,-0.058612577276632744,-0.4864227269836125,-0.433718029867725,-0.7806499353420233,0,1,False,False
1.4933484000875643,0,3,-0.4500365099728008,-0.4864227269836125,-0.433718029867725,-0.7345901559143904,0,1,False,True
1.4971953171893355,0,3,-0.8414604426689688,-0.4864227269836125,-0.433718029867725,-0.7017366364442481,0,1,False,True
1.504889151392878,0,3,-0.6066060830512681,-0.4864227269836125,-0.433718029867725,-0.6750219643762211,0,1,False,True
1.5087360684946491,0,3,-0.058612577276632744,-0.4864227269836125,-0.433718029867725,-0.7201605482153013,0,1,False,True
1.5125829855964203,1,3,0.25452656888030173,-0.4864227269836125,-0.433718029867725,2.850084031297054,0,1,False,True
1.5164299026981916,1,1,-0.058612577276632744,-0.4864227269836125,-0.433718029867725,0.8753502111579051,1,1,False,False
1.5202768197999628,0,3,-0.6848908695905016,-0.4864227269836125,-0.433718029867725,-0.7293725041008279,0,1,False,True
1.524123736901734,0,2,-0.9980300157474361,-0.4864227269836125,-0.433718029867725,-0.53960621285898,0,1,False,True
1.5279706540035052,1,1,0.09795699580183448,-0.4864227269836125,-0.433718029867725,0.9711545523673818,0,0,False,False
1.5318175711052764,0,3,0.45023853522838575,-0.4864227269836125,-0.433718029867725,-0.8389947791385944,0,1,False,False
1.5356644882070474,0,3,-0.9197452292082025,-0.4864227269836125,-0.433718029867725,-0.6750219643762211,0,1,False,True
1.5395114053088186,0,3,1.0373744342726379,-0.4864227269836125,-0.433718029867725,-0.7570083717574076,0,1,False,True
1.547205239512361,0,3,0.4893809284980025,-0.4864227269836125,-0.433718029867725,-0.7315244169956868,0,1,False,False
1.5510521566141322,0,2,-0.058612577276632744,-0.4864227269836125,0.839507247206089,1.1185458465358074,0,1,False,True
1.5587459908176746,0,3,-1.9374474542182394,3.961690705609894,2.112732524279903,0.9914208553155401,0,1,False,True
1.5625929079194458,0,3,3.542487603528113,-0.4864227269836125,-0.433718029867725,-0.7404268511634599,0,1,False,True
1.566439825021217,0,3,-1.5460235215220715,0.6256056311647641,0.839507247206089,-0.18986141092672315,0,0,False,False
1.5702867421229882,1,1,-0.9980300157474361,-0.4864227269836125,0.839507247206089,1.590197987874769,1,0,False,True
1.5741336592247595,0,2,1.193944007351105,0.6256056311647641,-0.433718029867725,0.602676316946318,0,0,False,True
1.5779805763265307,1,3,-0.8414604426689688,-0.4864227269836125,0.839507247206089,-0.6243562070058247,0,0,False,True
1.5856744105300729,1,1,1.7419375131257404,-0.4864227269836125,-0.433718029867725,0.643208922842635,1,1,False,True
1.589521327631844,1,3,-0.37175172343356716,-0.4864227269836125,3.3859578013537166,0.10584237299868055,0,0,False,False
1.5933682447336153,0,3,-0.058612577276632744,-0.4864227269836125,-0.433718029867725,-0.7806499353420233,0,1,False,False
1.5972151618353865,0,3,0.9590896477334042,1.7376339893131407,-0.433718029867725,-0.27369020948501516,0,1,False,True
1.6010620789371577,0,2,-0.6066060830512681,0.6256056311647641,-0.433718029867725,-0.4659105657747673,0,1,False,True
1.604908996038929,1,1,1.5070831535080396,-0.4864227269836125,-0.433718029867725,0.5974586651327558,1,0,False,True
1.6126028302424713,0,2,-0.37175172343356716,-0.4864227269836125,-0.433718029867725,-0.3553670951484481,0,1,False,True
1.6164497473442425,1,2,1.0373744342726379,-0.4864227269836125,-0.433718029867725,-0.3553670951484481,0,0,False,True
1.6202966644460137,1,2,-0.13689736381586634,0.6256056311647641,-0.433718029867725,-0.29211412125606834,0,0,False,False
1.624143581547785,0,1,0.1762417823410681,-0.4864227269836125,-0.433718029867725,2.4079101487917773,1,1,False,True
1.6279904986495561,0,3,-0.058612577276632744,-0.4864227269836125,-0.433718029867725,-0.6133018599431929,0,1,False,True
1.6318374157513271,1,3,-1.9374474542182394,0.6256056311647641,0.839507247206089,-0.4929347595605481,0,1,False,True
1.6356843328530983,0,3,-0.21518215035509997,-0.4864227269836125,-0.433718029867725,-0.7315244169956868,0,1,False,True
1.6395312499548695,1,1,1.4287983669688058,0.6256056311647641,0.839507247206089,2.559605268749921,1,0,False,True
1.6433781670566407,0,1,0.3328113554195353,-0.4864227269836125,-0.433718029867725,-0.9449322718221503,1,1,False,True
1.647225084158412,0,3,1.4287983669688058,-0.4864227269836125,-0.433718029867725,-0.6501496834852992,0,1,False,True
1.6510720012601832,1,2,-0.058612577276632744,0.6256056311647641,-0.433718029867725,0.45528502277789235,0,0,False,False
1.6549189183619544,1,3,-1.0763148022866698,-0.4864227269836125,-0.433718029867725,-0.7809594570597769,0,0,False,False
1.6587658354637256,0,3,-0.6848908695905016,-0.4864227269836125,-0.433718029867725,-0.587817905181472,0,1,False,True
1.6626127525654968,0,3,-0.7631756561297353,-0.4864227269836125,-0.433718029867725,-0.7315244169956868,0,1,False,True
1.666459669667268,0,3,-0.058612577276632744,-0.4864227269836125,-0.433718029867725,-0.7315244169956868,0,1,False,True
1.6741535038708104,1,2,-0.29346693689433356,-0.4864227269836125,0.839507247206089,0.602676316946318,0,0,False,True
1.6780004209725814,0,3,0.3328113554195353,-0.4864227269836125,-0.433718029867725,-0.7315244169956868,0,1,False,True
1.6818473380743526,0,3,-0.5283212965120344,-0.4864227269836125,-0.433718029867725,-0.5383754955526737,0,0,False,True
1.6856942551761238,0,2,-0.058612577276632744,-0.4864227269836125,-0.433718029867725,-0.53960621285898,0,1,False,True
1.689541172277895,0,3,-0.29346693689433356,-0.4864227269836125,-0.433718029867725,-0.7938561952995141,0,1,False,True
1.6933880893796662,0,3,0.802520074654937,-0.4864227269836125,5.9324083555013445,0.8329752140844828,0,0,True,False
1.6972350064814374,0,2,-0.13689736381586634,-0.4864227269836125,-0.433718029867725,-0.3553670951484481,0,1,False,True
1.7010819235832086,1,1,-0.7631756561297353,-0.4864227269836125,-0.433718029867725,0.897458905283169,1,0,False,True
1.7049288406849799,0,3,-0.058612577276632744,0.6256056311647641,2.112732524279903,0.41475241688157527,0,0,False,True
1.708775757786751,1,1,-0.21518215035509997,-0.4864227269836125,-0.433718029867725,0.897458905283169,1,1,False,False
1.7126226748885223,0,3,0.25452656888030173,-0.4864227269836125,-0.433718029867725,-0.7422692423405652,0,1,True,False
